spot_id,year,acc_type,sgg_code,acc_cnt,death_cnt,serious_cnt,minor_cnt,reported_cnt,lat,lon
H00000,2024,보행자,90027,5,0,1,2,1,35.70577822768283,127.01050846442394
H00001,2024,스쿨존어린이,90030,5,0,1,1,0,35.47013432499459,128.85050729941509
H00002,2024,법규위반,90039,14,0,3,6,1,37.37473771791693,128.58143970356707
H00003,2024,이륜차,90029,15,0,5,6,5,35.75444303051633,127.84790213933854
H00004,2024,보행자,90034,8,0,0,5,2,36.558981132873264,127.72253050576548
H00005,2024,스쿨존어린이,90005,12,2,3,9,2,36.979213479135694,128.29962460944924
H00006,2024,보행자,90027,14,0,2,9,3,35.70464100815733,127.0143011455573
H00007,2024,보행자,90037,10,0,2,7,1,35.92894084820997,126.95330006159908
H00008,2024,법규위반,90037,8,0,0,4,1,35.93432176351422,126.99398535336103
H00009,2024,스쿨존어린이,90020,10,0,1,9,0,36.31757453594978,128.33158960009234
H00010,2024,보행자,90034,7,1,4,6,0,36.5423257358867,127.83293325228306
H00011,2024,이륜차,90003,12,0,8,6,1,35.99670538086152,127.33825905025388
H00012,2024,법규위반,90015,4,0,1,4,0,37.336412362484836,127.02164089787223
H00013,2024,법규위반,90001,12,0,3,10,2,35.22924801412083,127.23348009885882
H00014,2024,보행자,90029,11,0,4,9,1,35.58893209192705,127.76312712292965
H00015,2024,이륜차,90032,6,0,3,3,1,35.5689959616248,128.8207084165625
H00016,2024,자전거,90005,7,0,2,6,2,37.022487742311775,128.23565027528386
H00017,2024,자전거,90005,8,0,0,6,4,36.928870430093134,128.34946693097402
H00018,2024,보행자,90022,9,0,3,7,1,36.93195806616949,127.34787516567306
H00019,2024,이륜차,90010,6,2,4,3,2,35.736486415596964,127.22435199137266
H00020,2024,자전거,90001,10,0,2,7,2,35.386832382238275,127.1493447077267
H00021,2024,법규위반,90018,11,1,3,9,0,37.20745479260712,127.52481385259746
H00022,2024,법규위반,90029,8,0,1,3,1,35.770509626713654,127.73884071839701
H00023,2024,법규위반,90036,6,0,1,2,0,35.67194986397317,126.99311172384694
H00024,2024,법규위반,90014,9,1,3,7,2,36.11168844255529,127.08390401744151
H00025,2024,이륜차,90033,10,0,2,7,2,35.559196310894535,128.54346967670287
H00026,2024,보행자,90007,13,1,6,9,2,37.247084920403815,127.9748457590283
H00027,2024,보행자,90001,10,0,4,5,2,35.20533357877045,127.12635394656088
H00028,2024,법규위반,90030,6,0,0,4,0,35.47412454288605,128.85724470838971
H00029,2024,자전거,90020,7,0,3,2,1,36.37410721594287,128.17616716159878
H00030,2024,자전거,90022,7,0,3,3,2,36.927990604902014,127.40478406748483
H00031,2024,법규위반,90016,13,0,3,7,5,37.15057098124516,128.841840758866
H00032,2024,자전거,90015,6,0,1,6,1,37.40118307680449,127.03034426790424
H00033,2024,법규위반,90039,10,0,4,4,1,37.35199587122615,128.69386344955302
H00034,2024,보행어린이,90015,8,0,2,4,0,37.33756508362972,127.02177125760662
H00035,2024,이륜차,90029,9,1,1,4,0,35.75963330728065,127.64031653370382
H00036,2024,보행자,90030,16,0,3,12,2,35.49992891248916,128.8789948096186
H00037,2024,법규위반,90021,12,1,2,6,1,35.85661662453818,128.90418595939468
H00038,2024,이륜차,90025,8,0,3,4,3,35.383175456966214,128.0067844779729
H00039,2024,보행어린이,90039,10,0,1,3,2,37.226749977979225,128.5023662898031
H00040,2024,보행어린이,90029,6,0,2,3,1,35.67560226629404,127.75938702739208
H00041,2024,보행어린이,90005,11,1,3,7,1,36.94102976052029,128.24257921277575
H00042,2024,자전거,90038,8,0,3,5,1,36.878153313898416,128.5741143390793
H00043,2024,보행노인,90023,8,1,2,4,1,36.60838564500108,128.90587953972278
H00044,2024,보행자,90002,12,0,5,5,2,36.469729891748656,126.82365820477814
H00045,2024,이륜차,90019,7,0,3,4,0,37.104316073256165,127.86078913407849
H00046,2024,보행자,90012,5,0,0,4,2,35.570692893607,128.41238166423878
H00047,2024,자전거,90001,8,1,3,7,0,35.452768990546375,127.04556426675475
H00048,2024,자전거,90026,12,0,2,7,1,36.86474333442191,128.20162805532686
H00049,2024,보행자,90007,14,1,5,6,6,37.296996725748706,127.86491497542286
H00050,2024,보행자,90008,7,0,2,6,0,35.825868063640996,128.2699866228241
H00051,2024,결빙,90018,8,0,1,5,0,37.152104771426615,127.43346558971224
H00052,2024,법규위반,90011,9,0,1,3,2,37.38276381954358,128.73397934236922
H00053,2024,보행자,90008,11,0,2,7,1,35.819854478262236,128.31604522745607
H00054,2024,법규위반,90036,8,0,3,6,0,35.635905325471555,126.88766675168867
H00055,2024,자전거,90001,8,0,3,5,0,35.35358469220615,127.16062791555431
H00056,2024,보행자,90020,13,0,1,8,0,36.27526641655869,128.2499673369334
H00057,2024,법규위반,90039,7,0,1,6,1,37.400380195064514,128.59407868185704
H00058,2024,보행노인,90021,8,0,2,4,0,35.84748566839231,128.94629731519672
H00059,2024,보행자,90020,8,0,2,5,2,36.37350351123347,128.36908765913458
H00060,2024,이륜차,90034,11,0,1,6,3,36.47833876769828,127.81271794466713
H00061,2024,보행어린이,90036,12,0,2,7,1,35.67459956070383,126.8413232887779
H00062,2024,보행어린이,90002,7,0,3,7,1,36.39988294986043,126.78332471763945
H00063,2024,보행어린이,90006,7,0,2,5,0,35.82720788970926,127.04724533505166
H00064,2024,법규위반,90030,9,0,3,7,1,35.47822911913283,128.85412009657358
H00065,2024,법규위반,90023,10,0,2,8,1,36.6665028701498,128.77432447291864
H00066,2024,이륜차,90008,12,1,3,6,3,35.82863536244898,128.2708502291033
H00067,2024,보행자,90029,8,0,2,6,1,35.728262610763345,127.81870555868073
H00068,2024,법규위반,90021,8,0,1,4,1,35.85908964008332,128.93984407105663
H00069,2024,자전거,90025,5,0,1,4,1,35.43833319492519,128.14865790806155
H00070,2024,보행어린이,90003,5,0,4,4,1,36.10898428362172,127.33710667785563
H00071,2024,보행자,90021,12,0,5,9,1,35.95495837962978,128.89385025898056
H00072,2024,법규위반,90021,7,0,2,4,0,35.884167984244705,128.84835332207498
H00073,2024,보행자,90029,10,0,1,5,4,35.67240598429119,127.73064957261474
H00074,2024,법규위반,90006,7,0,0,3,0,35.85299141311587,126.96158570834571
H00075,2024,자전거,90030,9,2,1,7,2,35.35957022832446,128.96680748011428
H00076,2024,보행자,90032,8,0,4,4,2,35.56546260949841,128.87205953253
H00077,2024,결빙,90020,9,0,3,4,1,36.339618116439425,128.34986135506045
H00078,2024,법규위반,90001,7,0,2,5,0,35.28893610908238,127.09315264613677
H00079,2024,보행노인,90012,9,0,5,7,0,35.58068660992742,128.32021044591266
H00080,2024,법규위반,90020,11,0,1,8,1,36.2951653809944,128.36195023347383
H00081,2024,보행노인,90020,6,0,2,5,1,36.42328379344405,128.21476808899368
H00082,2024,법규위반,90005,9,0,1,4,2,37.08468130098171,128.26517718747817
H00083,2024,보행자,90005,12,0,2,8,2,36.97377403535458,128.33684254278768
H00084,2024,보행노인,90036,6,0,3,4,2,35.717871998571276,126.92837221406803
H00085,2024,스쿨존어린이,90007,8,0,3,4,3,37.34574482385479,127.82361817300514
H00086,2024,보행노인,90016,8,0,1,5,2,37.17856464270175,128.80843332859374
H00087,2024,보행노인,90008,13,0,2,7,0,35.83013285230536,128.27706832671106
H00088,2024,보행자,90029,10,0,3,8,1,35.76606634628206,127.717834587175
H00089,2024,결빙,90006,4,0,0,2,1,35.889804502772634,126.98406716708581
H00090,2024,보행자,90033,7,0,2,6,1,35.59958938362436,128.55300480452533
H00091,2024,보행자,90030,8,0,2,6,0,35.43842527856266,128.925109193008
H00092,2024,스쿨존어린이,90020,8,0,1,6,1,36.33603757533341,128.35011317435158
H00093,2024,법규위반,90018,10,0,2,5,1,37.112843914074666,127.51496956763957
H00094,2024,보행자,90030,6,0,1,3,0,35.49862579624243,128.87560713139982
H00095,2024,자전거,90013,10,0,5,5,3,35.409680154067516,128.398889223379
H00096,2024,법규위반,90012,11,0,2,9,1,35.53317744945419,128.31221512728098
H00097,2024,보행자,90032,10,1,3,2,1,35.61012772223247,128.9310237881604
H00098,2024,결빙,90039,6,0,1,5,1,37.40890794127815,128.71686636574077
H00099,2024,스쿨존어린이,90039,9,0,3,4,1,37.24077081200052,128.5027007781077
H00100,2024,법규위반,90036,13,0,1,7,1,35.627707835011,126.78706418366203
H00101,2024,보행자,90027,13,0,1,7,2,35.71325942202545,127.05562201079643
H00102,2024,법규위반,90020,13,0,4,8,1,36.344649422619305,128.26751872996587
H00103,2024,법규위반,90006,8,0,3,4,1,35.923161442662526,127.11824687732022
H00104,2024,보행자,90021,6,1,1,3,0,35.836473670812964,128.96995179303488
H00105,2024,보행자,90001,9,0,2,7,4,35.221663091860506,127.10163242325612
H00106,2024,보행어린이,90012,9,1,5,4,2,35.578196063089315,128.44582193931785
H00107,2024,보행자,90036,8,0,1,7,1,35.64195286779426,126.80033941993187
H00108,2024,결빙,90033,8,0,1,5,1,35.637619200511324,128.67508066932137
H00109,2024,자전거,90017,12,0,3,7,1,36.76372335470638,127.58514588497553
H00110,2024,법규위반,90027,12,0,2,6,2,35.72957357022082,126.96110429865814
H00111,2024,결빙,90022,12,0,4,7,2,36.929487228616814,127.41129538214544
H00112,2024,법규위반,90033,8,0,3,6,2,35.65063007620559,128.47374835707853
H00113,2024,법규위반,90010,8,0,2,5,2,35.75899362616147,127.17865685212371
H00114,2024,스쿨존어린이,90038,9,0,3,6,1,36.87973576897633,128.66475249600194
H00115,2024,스쿨존어린이,90025,9,0,2,5,2,35.30281488097418,128.04338572473824
H00116,2024,보행어린이,90002,7,0,3,4,1,36.37838679292497,126.9441036435241
H00117,2024,스쿨존어린이,90013,9,0,0,4,2,35.35012464669049,128.42004393830442
H00118,2024,스쿨존어린이,90021,9,0,2,6,1,35.98026990060253,128.83363751407947
H00119,2024,보행자,90036,10,0,3,7,2,35.656674694542154,126.87769457426191
H00120,2024,스쿨존어린이,90005,11,0,2,7,0,37.0532589959412,128.13049382701513
H00121,2024,보행노인,90037,12,1,1,10,1,35.80579765107856,126.90234676389747
H00122,2024,보행어린이,90011,6,0,1,5,0,37.26136069329354,128.4693992991004
H00123,2024,보행자,90025,7,0,2,5,3,35.24822197144554,128.01743948041621
H00124,2024,스쿨존어린이,90034,8,0,1,5,1,36.5818984895716,127.7505307913658
H00125,2024,보행노인,90001,9,0,3,6,1,35.32146445035122,127.04855300447994
H00126,2024,법규위반,90014,12,0,4,7,1,36.17397014251824,127.07600440188303
H00127,2024,법규위반,90025,10,0,3,4,1,35.40087679032647,127.9379736966595
H00128,2024,보행자,90025,9,0,1,5,3,35.41111525349472,127.96716849954124
H00129,2024,보행자,90025,8,0,3,6,3,35.416343608275675,128.03326188817127
H00130,2024,보행어린이,90021,8,0,1,7,2,35.94177801717256,128.8902050041635
H00131,2024,보행자,90014,12,0,5,9,3,36.17687057716406,127.1806349722678
H00132,2024,보행노인,90020,9,0,3,5,0,36.32129987974739,128.41418848182698
H00133,2024,결빙,90023,11,0,1,6,1,36.671669363169435,128.8469180797396
H00134,2024,보행자,90027,6,0,2,5,1,35.791972423761855,126.97351364651493
H00135,2024,보행어린이,90021,11,0,3,8,2,35.999078467646434,128.87059459212614
H00136,2024,법규위반,90002,9,0,2,6,0,36.41855214623406,126.76248724545337
H00137,2024,자전거,90018,7,0,1,5,2,37.143087241638575,127.54725493028695
H00138,2024,보행자,90014,7,0,2,2,0,36.241704663028735,127.1248479982009
H00139,2024,보행자,90039,6,0,2,5,0,37.24914013298277,128.48987474618346
H00140,2024,이륜차,90007,9,0,4,8,1,37.328020625771025,127.98827617329067
H00141,2024,보행자,90006,7,2,1,5,2,35.91662891117463,127.06257774177783
H00142,2024,법규위반,90018,9,0,3,7,2,37.11058207824679,127.50960910588498
H00143,2024,법규위반,90025,9,1,3,7,1,35.34477048316798,128.1247303081568
H00144,2024,보행어린이,90021,12,1,4,8,3,35.84132875483412,128.76482616228003
H00145,2024,법규위반,90010,12,0,3,8,3,35.76819320091899,127.23901588523673
H00146,2024,보행자,90029,9,0,2,7,1,35.77055767735931,127.69315524063737
H00147,2024,보행어린이,90034,7,0,3,4,2,36.5844322556523,127.74573568192791
H00148,2024,보행어린이,90020,7,1,1,4,0,36.37457320528388,128.17674042649497
H00149,2024,결빙,90003,9,0,1,7,1,36.01163143452815,127.2967511145602
H00150,2024,보행자,90020,10,0,3,4,0,36.30733461248974,128.2389889054685
H00151,2024,보행자,90025,9,0,1,6,1,35.48036950372249,128.04133748784187
H00152,2024,이륜차,90027,10,1,0,3,1,35.70804483465911,127.03213061655326
H00153,2024,보행자,90010,6,0,0,2,0,35.74358465214206,127.19964614287774
H00154,2024,이륜차,90033,10,0,3,6,1,35.589029719499415,128.57733655406375
H00155,2024,법규위반,90039,16,0,8,11,3,37.33288244000038,128.5689230370537
H00156,2024,자전거,90020,9,0,2,4,2,36.343067098964255,128.23577756406468
H00157,2024,법규위반,90020,7,1,1,5,0,36.38058106718132,128.29930704439957
H00158,2024,법규위반,90016,10,0,4,8,0,37.118831525719024,128.84259034009034
H00159,2024,보행자,90010,9,0,1,5,1,35.77261102730686,127.29770029527145
H00160,2024,결빙,90035,12,0,7,7,3,37.15716639736368,128.509904685242
H00161,2024,이륜차,90012,5,0,1,2,2,35.477813363370934,128.41924497540606
H00162,2024,이륜차,90030,8,0,1,4,1,35.44582245166633,128.9303878905626
H00163,2024,법규위반,90017,13,0,3,6,3,36.81946047483312,127.7007341625319
H00164,2024,자전거,90012,14,0,3,7,2,35.58225296824827,128.41425944786462
H00165,2024,자전거,90029,7,0,3,4,3,35.76504196991275,127.67592842099046
H00166,2024,보행자,90011,10,1,1,6,0,37.262894512845236,128.484665083427
H00167,2024,보행노인,90034,8,0,3,2,1,36.6145503610773,127.91567577521836
H00168,2024,법규위반,90008,9,0,3,3,1,35.876577734852944,128.29850442844526
H00169,2024,법규위반,90005,7,0,3,3,0,37.05412262232374,128.30579931202558
H00170,2024,스쿨존어린이,90020,9,0,4,4,0,36.37959167957774,128.29148913170567
H00171,2024,보행노인,90015,8,1,1,5,0,37.43012618817551,127.01203700381278
H00172,2024,법규위반,90020,9,0,2,6,1,36.34105596154958,128.1539620344479
H00173,2024,보행노인,90020,11,0,4,5,2,36.22398983208796,128.20594772153498
H00174,2024,결빙,90034,14,0,3,12,3,36.54094903270785,127.82537650233142
H00175,2024,법규위반,90020,7,0,0,5,0,36.28206756110391,128.35417867846488
H00176,2024,보행자,90016,8,0,1,5,2,37.122387423087105,128.94531246380322
H00177,2024,보행자,90008,8,0,1,5,1,35.83169333880312,128.2753678840446
H00178,2024,법규위반,90020,11,0,4,6,4,36.31789751591356,128.4155760491823
H00179,2024,보행노인,90020,9,1,2,7,0,36.24841890508914,128.2185978521886
H00180,2024,법규위반,90006,11,0,3,9,3,35.932298765326834,127.04754068131987
H00181,2024,보행자,90004,8,0,4,6,3,37.03155008777829,127.13365164160558
H00182,2024,보행자,90021,11,0,2,7,3,35.916143048205804,128.93391244291126
H00183,2024,보행노인,90008,10,0,3,9,2,35.7406254524282,128.29375931180044
H00184,2024,법규위반,90029,9,0,0,5,1,35.65439054465196,127.71795063519416
H00185,2024,결빙,90003,10,1,1,7,2,36.00927130990254,127.29315047487559
H00186,2024,이륜차,90023,12,1,2,8,2,36.576006006405066,128.78850121846205
H00187,2024,보행노인,90021,10,0,2,7,1,35.89725341000555,128.8562233524387
H00188,2024,법규위반,90036,9,0,2,5,4,35.65182705483109,126.89987236596897
H00189,2024,보행자,90016,9,0,2,4,1,37.12712713365953,128.77758544920724
H00190,2024,자전거,90005,6,0,1,5,1,37.01700966150524,128.22516729872643
H00191,2024,이륜차,90029,12,0,1,8,3,35.77417801671066,127.67922315835375
H00192,2024,보행노인,90021,12,0,4,6,1,35.78202029773769,128.9146548357347
H00193,2024,결빙,90012,12,0,0,10,1,35.55351109938124,128.25553343170313
H00194,2024,보행자,90029,7,2,3,3,0,35.63264520622985,127.71960672102684
H00195,2024,보행자,90034,9,0,4,3,2,36.54641813861937,127.7045250279811
H00196,2024,자전거,90003,7,0,2,4,2,36.01639827320388,127.33231702912879
H00197,2024,이륜차,90018,9,0,2,3,0,37.140066261693725,127.52995976689141
H00198,2024,보행어린이,90029,9,1,3,6,2,35.749079110613515,127.79711807143461
H00199,2024,법규위반,90034,10,0,3,6,2,36.53085422850739,127.91517556490669
H00200,2024,보행자,90029,9,1,4,7,2,35.71691808014922,127.89005665865074
H00201,2024,법규위반,90021,8,1,4,7,2,35.909353661155464,128.9478605412098
H00202,2024,자전거,90028,9,0,2,6,3,37.31109053083982,127.11853132601657
H00203,2024,보행자,90026,10,0,3,6,1,36.83816224130237,128.25316966330428
H00204,2024,법규위반,90010,10,0,4,6,1,35.77900294379031,127.20595224764843
H00205,2024,법규위반,90021,8,0,0,6,1,35.885735360894536,128.90883234467302
H00206,2024,자전거,90021,9,0,2,5,1,35.9318353007395,128.95404904601395
H00207,2024,보행자,90014,11,0,3,8,1,36.18335751535257,127.11220612687985
H00208,2024,보행자,90029,8,0,3,5,0,35.74760607225745,127.76025442146502
H00209,2024,결빙,90020,12,0,2,9,1,36.3607957378998,128.2170855580882
H00210,2024,법규위반,90013,14,1,3,7,4,35.32084047943102,128.38524563354275
H00211,2024,법규위반,90018,10,0,1,6,0,37.12003334781906,127.52227068262165
H00212,2024,법규위반,90025,12,0,3,6,2,35.391419528128004,127.90578442497599
H00213,2024,법규위반,90039,8,0,4,7,2,37.277535763602835,128.50259701261078
H00214,2024,보행자,90027,11,0,5,7,0,35.69406358106462,127.0579815914885
H00215,2024,보행노인,90016,8,0,1,2,0,37.1808347405189,128.78765929784748
H00216,2024,법규위반,90011,8,0,1,7,1,37.20182793116232,128.51442020110503
H00217,2024,보행자,90005,6,0,2,4,1,36.97004630462468,128.331780777722
H00218,2024,보행자,90039,16,0,5,13,2,37.311445292218785,128.6169143566173
H00219,2024,법규위반,90021,7,0,2,6,1,35.90201372824869,128.93958382020793
H00220,2024,이륜차,90026,8,1,2,5,0,36.92882548570805,128.05326377253013
H00221,2024,법규위반,90020,10,0,1,8,0,36.35128959784642,128.28440301142226
H00222,2024,보행자,90021,11,0,4,7,0,35.88645083030569,128.82396922889393
H00223,2024,결빙,90013,5,0,1,1,0,35.31539694553009,128.3872842370237
H00224,2024,보행자,90002,9,0,2,7,1,36.45409665385831,126.78997759628369
H00225,2024,보행자,90012,12,1,5,9,4,35.630690568218874,128.396461407208
H00226,2024,결빙,90003,9,1,3,4,0,36.046066282641604,127.38150757824909
H00227,2024,법규위반,90011,9,0,4,6,1,37.37897670240896,128.7374319592655
H00228,2024,이륜차,90034,9,0,2,4,1,36.49644332228762,127.8892845011777
H00229,2024,법규위반,90026,5,0,1,4,1,36.82535118689177,128.1763978177593
H00230,2024,법규위반,90011,14,1,6,8,2,37.24584456254639,128.63823493024987
H00231,2024,보행어린이,90031,10,0,5,4,0,37.049915249683316,128.1165513749658
H00232,2024,보행어린이,90029,14,1,6,10,2,35.76308079423655,127.63504074028326
H00233,2024,이륜차,90005,7,0,3,3,1,37.08067503795891,128.26335499612458
H00234,2024,이륜차,90001,7,0,2,4,2,35.29474373660355,127.04628779445117
H00235,2024,스쿨존어린이,90027,10,0,1,5,0,35.757561595051364,126.964501373518
H00236,2024,스쿨존어린이,90039,10,0,2,7,2,37.30742789316113,128.5389404521757
H00237,2024,보행어린이,90034,8,0,4,5,1,36.49975185613473,127.88863177915609
H00238,2024,보행어린이,90003,7,0,1,6,1,36.104374987056936,127.35233319220899
H00239,2024,이륜차,90015,7,0,3,2,0,37.337467440544955,127.02554503693767
H00240,2024,보행자,90017,11,0,5,9,2,36.817180905233016,127.70475043665621
H00241,2024,보행노인,90038,8,0,4,7,2,36.993198195831,128.69251228782917
H00242,2024,이륜차,90029,5,0,3,2,1,35.68038854282169,127.6960441827092
H00243,2024,자전거,90020,8,0,2,6,1,36.51060825920796,128.26519464428137
H00244,2024,보행노인,90021,7,0,2,4,0,35.94568459928752,128.90054553560915
H00245,2024,보행어린이,90020,11,1,6,8,1,36.28477541000457,128.3123688377116
H00246,2024,보행자,90016,8,1,1,4,2,37.122516611393,128.9513919753056
H00247,2024,보행자,90036,9,0,1,7,1,35.592308381908,126.78182426381002
H00248,2024,보행자,90007,9,0,5,6,2,37.33973775985904,127.9142583001329
H00249,2024,보행자,90012,10,0,3,6,2,35.57549735368572,128.44577828160243
H00250,2024,보행자,90034,9,0,2,6,2,36.537784426789116,127.81274030198537
H00251,2024,보행어린이,90020,6,0,0,4,1,36.356977256022205,128.27155289354909
H00252,2024,보행자,90033,6,0,1,5,1,35.565416352285474,128.63314542910607
H00253,2024,결빙,90003,6,0,3,3,1,36.0039605517623,127.30911140156364
H00254,2024,보행자,90020,8,0,2,6,0,36.275886616942465,128.24475136806728
H00255,2024,보행노인,90003,4,0,1,3,1,35.992899883794536,127.29106727929562
H00256,2024,이륜차,90003,8,1,2,5,3,36.11081125362351,127.34379343386249
H00257,2024,보행자,90031,5,0,2,3,1,37.05207042939256,128.1013477221164
H00258,2024,보행노인,90034,9,1,4,5,3,36.52625715997323,127.82779334262291
H00259,2024,법규위반,90005,9,0,2,6,5,36.99112635611266,128.30762877367374
H00260,2024,자전거,90038,11,0,3,5,1,36.88384719644554,128.67293121881767
H00261,2024,보행자,90030,13,1,2,7,3,35.400762004104706,129.00985397099558
H00262,2024,법규위반,90020,8,0,2,3,1,36.34905573953303,128.33399337256856
H00263,2024,법규위반,90036,7,0,1,3,0,35.641920369496546,126.87470413328792
H00264,2024,스쿨존어린이,90025,10,0,3,8,0,35.32230326725667,128.09163967737217
H00265,2024,보행자,90029,13,1,3,4,2,35.76929353789327,127.68702651182389
H00266,2024,보행자,90032,13,0,3,6,3,35.612774086241174,128.92839005635605
H00267,2024,법규위반,90020,10,0,2,6,1,36.274715550332196,128.18375375883244
H00268,2024,보행어린이,90018,8,0,1,6,2,37.20516212716476,127.52170561889993
H00269,2024,보행자,90008,21,0,3,15,4,35.841635017467645,128.40250368388485
H00270,2024,자전거,90030,9,0,3,5,2,35.426086538436806,128.99543594498013
H00271,2024,이륜차,90026,8,0,1,5,1,36.804750686510744,128.17262396560798
H00272,2024,보행자,90019,7,0,0,4,1,37.14877637720398,127.84738823967434
H00273,2024,보행자,90007,11,1,8,7,1,37.20345427226639,127.90935410924395
H00274,2024,보행노인,90014,10,0,2,6,1,36.17982623814179,127.12346339193468
H00275,2024,법규위반,90020,8,1,4,6,0,36.370520260777354,128.28485020901914
H00276,2024,보행노인,90024,8,0,2,6,0,35.9329603785671,126.75851087615806
H00277,2024,이륜차,90037,8,0,3,7,0,35.93943870281507,127.06949436151696
H00278,2024,보행자,90039,9,0,2,4,1,37.37630291362873,128.43605528018026
H00279,2024,스쿨존어린이,90025,6,0,1,3,1,35.4644424668627,127.99462784875067
H00280,2024,스쿨존어린이,90027,9,0,4,3,1,35.80658938962197,127.04269979676518
H00281,2024,스쿨존어린이,90014,8,0,3,4,2,36.189897667447255,127.11326701162207
H00282,2024,보행노인,90021,10,0,2,5,1,35.933648037330954,129.0224362912849
H00283,2024,법규위반,90034,9,0,3,5,3,36.498709388687274,127.89256679945659
H00284,2024,보행어린이,90005,7,0,2,3,1,36.88721535008527,128.34152333353128
H00285,2024,법규위반,90021,11,0,5,4,0,35.90479346737216,128.81835468027032
H00286,2024,보행자,90026,8,0,3,4,3,36.86540899767602,128.1992451584237
H00287,2024,자전거,90012,7,0,0,6,2,35.55564619009681,128.3761590589557
H00288,2024,스쿨존어린이,90014,9,0,4,5,2,36.11920863169048,127.08899808541801
H00289,2024,자전거,90020,11,0,6,8,2,36.35772247551163,128.36139550256698
H00290,2024,보행자,90014,9,0,3,7,1,36.21306882257949,127.13550647352358
H00291,2024,결빙,90021,10,0,1,5,1,35.9181734144162,128.92253497237218
H00292,2024,이륜차,90006,5,0,2,2,1,35.85408630879529,127.03139506640478
H00293,2024,법규위반,90009,14,2,4,10,2,36.367793232465736,128.07662700956774
H00294,2024,이륜차,90019,8,0,1,7,0,37.123191029949204,127.8607621002046
H00295,2024,보행자,90021,11,0,4,5,0,35.88563156211006,128.89375680670503
H00296,2024,자전거,90017,5,0,1,4,0,36.844114141278105,127.76104362103145
H00297,2024,보행어린이,90031,9,0,4,8,1,37.05153858951116,128.1150164337225
H00298,2024,이륜차,90015,17,0,5,9,2,37.48235452114199,127.23731162564593
H00299,2024,보행자,90022,9,0,1,4,3,36.90239735422205,127.41555214864573
H00300,2024,보행자,90020,7,0,4,4,0,36.33794937412109,128.32236928836497
H00301,2024,법규위반,90024,7,0,2,4,0,36.11841549128367,126.86806483083
H00302,2024,보행자,90020,8,0,2,5,0,36.349453644707474,128.28147249899155
H00303,2024,법규위반,90014,15,0,3,10,2,36.16383950129809,127.00766862601455
H00304,2024,보행어린이,90027,9,0,1,4,2,35.70024766702263,127.03425407099691
H00305,2024,법규위반,90011,9,1,3,4,1,37.34189544597989,128.56559164592662
H00306,2024,이륜차,90011,7,0,1,5,3,37.295497771675194,128.6012153307662
H00307,2024,법규위반,90020,4,0,2,3,3,36.50938073291759,128.27008092116398
H00308,2024,보행자,90014,9,1,5,6,2,36.21740263965796,126.93833120998114
H00309,2024,보행자,90029,10,0,3,8,2,35.771115644379854,127.69315638730407
H00310,2024,보행자,90025,13,0,2,9,1,35.40510926647863,128.01777281397634
H00311,2024,보행자,90039,11,0,4,10,2,37.23259174274079,128.5500881402271
H00312,2024,자전거,90014,12,0,0,6,1,36.28413769347809,127.18935194078358
H00313,2024,스쿨존어린이,90026,8,1,3,6,2,36.858807667407824,128.22971003213786
H00314,2024,보행자,90007,9,1,2,5,0,37.30221667354707,127.91881766631927
H00315,2024,보행자,90022,7,0,4,4,0,36.821943330286906,127.39873417844865
H00316,2024,이륜차,90015,10,0,2,4,0,37.48050242492746,127.23417112150851
H00317,2024,보행자,90013,8,0,1,2,1,35.288462844548825,128.49404013454688
H00318,2024,보행어린이,90033,8,1,5,5,2,35.531301485031,128.63309138488253
H00319,2024,보행노인,90021,6,0,1,5,0,35.899716470768865,128.93909240336
H00320,2024,보행자,90012,9,0,4,4,1,35.50294380554844,128.45903004807647
H00321,2024,이륜차,90039,13,0,5,11,1,37.312128137199224,128.57654753053544
H00322,2024,보행자,90036,8,0,2,6,2,35.629359414869036,126.79678952698914
H00323,2024,법규위반,90021,9,0,2,8,0,35.92667701581022,128.9287273053783
H00324,2024,법규위반,90029,7,1,2,3,0,35.74790835201213,127.76553721911942
H00325,2024,법규위반,90020,8,0,3,8,1,36.2958844673407,128.24325813331654
H00326,2024,법규위반,90015,12,0,6,7,2,37.27603861431203,127.04066425356797
H00327,2024,법규위반,90011,12,0,2,8,3,37.211636033420056,128.50794082305435
H00328,2024,보행노인,90005,10,1,3,5,2,37.03448375597293,128.31118679590276
H00329,2024,보행노인,90005,10,0,2,7,3,36.979560734052676,128.26936582519565
H00330,2024,법규위반,90018,13,0,4,6,1,37.137617156655814,127.4348616578323
H00331,2024,자전거,90008,11,0,4,6,1,35.794595626347395,128.3041645216924
H00332,2024,자전거,90036,9,0,4,6,4,35.58248990823583,126.84389935934101
H00333,2024,보행자,90027,10,0,2,7,0,35.79936797995725,127.00476887377478
H00334,2024,보행어린이,90021,10,1,2,5,2,35.812917208959554,128.98700414416345
H00335,2024,스쿨존어린이,90006,8,0,1,4,0,35.90797334832255,127.07995775083208
H00336,2024,보행자,90018,7,0,0,5,1,37.14706123615149,127.2828496758329
H00337,2024,보행노인,90036,11,0,2,7,0,35.652674699705635,126.88133485306581
H00338,2024,보행자,90001,10,2,4,9,2,35.4503533559394,127.05081676758738
H00339,2024,자전거,90039,8,0,2,7,2,37.41923624958735,128.54128079104706
H00340,2024,법규위반,90023,6,0,1,5,0,36.69070658031268,128.80055864432998
H00341,2024,자전거,90025,11,0,4,10,0,35.52737603270315,127.97695543303266
H00342,2024,법규위반,90032,5,1,0,4,0,35.52168016297026,128.81706169708016
H00343,2024,보행자,90037,8,1,1,3,0,35.93650213261428,126.98947887447937
H00344,2024,보행자,90036,12,0,5,6,1,35.58407799501597,126.79206375745022
H00345,2024,법규위반,90033,13,0,1,6,4,35.56431685594334,128.63377647798535
H00346,2024,법규위반,90021,9,0,2,5,0,35.93727751662789,128.95254480981686
H00347,2024,법규위반,90012,9,0,2,5,1,35.511585564345275,128.27423617181435
H00348,2024,법규위반,90020,7,0,1,6,1,36.37906697668818,128.17539485040936
H00349,2024,법규위반,90024,15,2,3,8,1,36.009256825081835,126.84632418088916
H00350,2024,법규위반,90025,10,0,1,7,1,35.4364464251368,127.97121367392558
H00351,2024,법규위반,90006,12,0,2,7,2,35.9418755426566,127.00240068170491
H00352,2024,법규위반,90005,6,0,3,2,1,37.01670504937945,128.31623124043213
H00353,2024,보행자,90006,10,0,2,4,2,35.87705006657014,127.15052597287084
H00354,2024,보행자,90003,10,0,2,7,1,36.02965665564594,127.2810588343371
H00355,2024,스쿨존어린이,90036,11,0,2,6,2,35.61870474035903,126.82630712226963
H00356,2024,자전거,90038,9,0,5,7,3,36.93221382536942,128.68904086313538
H00357,2024,법규위반,90038,7,0,0,7,2,36.99403842121828,128.69144708304427
H00358,2024,스쿨존어린이,90020,7,0,3,6,2,36.27754177970921,128.3629297091482
H00359,2024,보행어린이,90029,8,0,1,6,0,35.66367032886642,127.86869752063545
H00360,2024,법규위반,90040,11,0,5,6,5,36.30894246249343,127.14942938056095
H00361,2024,보행자,90014,15,0,3,10,3,36.147000057616324,127.08247685969108
H00362,2024,법규위반,90029,5,0,0,5,1,35.7257076394598,127.74620833478754
H00363,2024,보행자,90027,11,0,3,3,2,35.73290094280494,126.96515375825638
H00364,2024,스쿨존어린이,90034,8,0,1,5,4,36.566909246958,127.8031364192447
H00365,2024,보행노인,90029,9,0,3,6,1,35.856553088772955,127.77075704840463
H00366,2024,보행어린이,90026,7,0,2,4,2,36.69963081656181,128.2232907212127
H00367,2024,보행자,90011,9,0,3,5,2,37.23236025928026,128.51441952474897
H00368,2024,보행자,90028,10,2,1,6,2,37.20551787965235,127.0984160038629
H00369,2024,스쿨존어린이,90034,12,0,4,7,3,36.529074236670205,127.85912657763939
H00370,2024,보행어린이,90002,7,0,1,3,0,36.45701291585229,126.79505577998727
H00371,2024,법규위반,90025,7,0,6,5,1,35.367261852995995,127.9226616717808
H00372,2024,보행자,90018,7,0,2,4,1,37.15099698583256,127.58165168996818
H00373,2024,보행노인,90020,8,0,2,8,2,36.24255510950572,128.2197556672974
H00374,2024,보행자,90030,8,0,3,3,2,35.42644778259303,128.99551468312276
H00375,2024,이륜차,90030,7,0,2,5,2,35.43153348832166,128.90184248236545
H00376,2024,법규위반,90039,10,0,3,7,2,37.336285319763476,128.58588285656026
H00377,2024,결빙,90022,9,0,1,1,1,36.84792356834277,127.3182734546067
H00378,2024,이륜차,90032,10,0,3,6,0,35.448715510005734,129.07937051576556
H00379,2024,보행어린이,90016,12,0,2,9,2,37.147710428084935,128.74953570336191
H00380,2024,법규위반,90006,5,1,0,4,2,35.897141021861934,126.98498410456226
H00381,2024,보행어린이,90018,12,0,4,8,2,37.25950967128424,127.55331125748482
H00382,2024,이륜차,90030,10,0,0,3,3,35.440602873701145,128.95040045220836
H00383,2024,보행노인,90002,10,0,3,6,6,36.41576709361584,126.83974864616069
H00384,2024,스쿨존어린이,90007,11,0,1,8,1,37.344486896310755,127.96308630477586
H00385,2024,이륜차,90014,10,0,2,6,2,36.229518737503845,127.0231478199532
H00386,2024,법규위반,90003,12,0,5,8,2,36.047275217264435,127.21922521113058
H00387,2024,결빙,90005,11,1,1,9,1,36.97619117857291,128.33114652229722
H00388,2024,보행자,90018,7,0,2,3,0,37.25510759985832,127.55739869139755
H00389,2024,보행자,90036,6,0,2,6,0,35.68580672887014,126.86557928317447
H00390,2024,보행어린이,90022,7,0,3,3,0,36.93085564254247,127.35626486581546
H00391,2024,보행노인,90008,8,0,1,4,1,35.76728786405646,128.36479793800308
H00392,2024,보행노인,90039,6,0,2,5,0,37.26248792049332,128.48227467210555
H00393,2024,보행어린이,90011,13,1,3,7,2,37.262052273809225,128.48086608910197
H00394,2024,법규위반,90014,7,0,1,3,1,36.138750493322064,127.10504910377719
H00395,2024,보행자,90006,11,2,2,6,1,35.89663824325645,127.04008662967844
H00396,2024,법규위반,90019,8,1,2,5,2,37.22242603900782,127.85537533559315
H00397,2024,이륜차,90021,6,0,1,5,1,35.96080574546496,128.95935195967232
H00398,2024,법규위반,90021,13,0,1,10,0,35.952555010749855,128.89439677864235
H00399,2024,스쿨존어린이,90024,8,0,2,4,4,36.082324031746175,126.9587922610362
H00400,2024,보행자,90038,8,0,2,7,2,36.93769573013208,128.57365783087064
H00401,2024,보행자,90014,10,0,2,7,2,36.18134530697947,127.18525286981681
H00402,2024,법규위반,90032,9,0,1,5,2,35.50684904452612,128.79166045020605
H00403,2024,보행노인,90011,11,0,2,8,0,37.17684253753976,128.56901316364878
H00404,2024,보행자,90024,8,1,2,4,2,36.00767344691937,126.82527911424108
H00405,2024,결빙,90017,4,0,1,2,0,36.84709402333783,127.72511453914231
H00406,2024,법규위반,90013,5,0,3,2,1,35.32184046316905,128.47384624279553
H00407,2024,법규위반,90002,6,0,2,5,0,36.45910083062506,126.78759546370986
H00408,2024,보행노인,90014,9,0,3,6,2,36.16607503927009,127.15975853572343
H00409,2024,결빙,90009,8,0,0,3,0,36.38616738989561,128.05350912829672
H00410,2024,보행자,90020,6,0,3,4,0,36.365664274417206,128.207784939012
H00411,2024,보행자,90021,10,0,2,5,0,35.91002189626913,128.92510424034094
H00412,2024,이륜차,90015,12,2,2,7,2,37.432244017922095,127.08409914680975
H00413,2024,이륜차,90002,9,0,1,6,1,36.4762035696759,126.76188177861431
H00414,2024,보행노인,90006,9,0,1,6,1,35.872599307762954,127.04177711176372
H00415,2024,보행자,90004,7,0,3,4,1,37.10327997108335,127.3322399642532
H00416,2024,보행어린이,90008,8,0,1,6,2,35.90408077209639,128.21266844882925
H00417,2024,법규위반,90009,6,0,1,2,0,36.391036817749566,128.07567531813112
H00418,2024,법규위반,90011,4,0,0,2,2,37.207964695778315,128.51670850388942
H00419,2024,스쿨존어린이,90004,9,0,5,7,1,36.998156677920285,127.24385709409043
