sgg_code,age_group,share
90001,10대,0.08983958187782703
90001,20대,0.19668787005754032
90001,30대,0.18088978800778635
90001,40대,0.146762138217875
90001,50대,0.19483399651371
90001,60대,0.11089484671359269
90001,70대 이상,0.08009177861166857
90002,10대,0.04371162529952313
90002,20대,0.10069947710042293
90002,30대,0.1639722169922956
90002,40대,0.17747908952746325
90002,50대,0.19533524206308214
90002,60대,0.2277061602680696
90002,70대 이상,0.0910961887491432
90003,10대,0.09562375887358071
90003,20대,0.14557490355265554
90003,30대,0.14582706721664615
90003,40대,0.2988242686603318
90003,50대,0.1428868028875647
90003,60대,0.09786901093076841
90003,70대 이상,0.07339418787845264
90004,10대,0.05974537253795865
90004,20대,0.12126078007478945
90004,30대,0.16425070948547543
90004,40대,0.2663952773895686
90004,50대,0.15836670225752014
90004,60대,0.10666433325051433
90004,70대 이상,0.12331682500417337
90005,10대,0.09914480678654765
90005,20대,0.16890016645238898
90005,30대,0.14018499339169546
90005,40대,0.1728369814761537
90005,50대,0.18375492517949907
90005,60대,0.17598352432151942
90005,70대 이상,0.0591946023921957
90006,10대,0.08045522700451038
90006,20대,0.2188851569939162
90006,30대,0.10760976713628735
90006,40대,0.25271813917175656
90006,50대,0.12992923721233607
90006,60대,0.13392698926968394
90006,70대 이상,0.07647548321150946
90007,10대,0.11141722955285767
90007,20대,0.2193780929322974
90007,30대,0.11136467716094736
90007,40대,0.1658258277679144
90007,50대,0.18687846134714994
90007,60대,0.1213714305939097
90007,70대 이상,0.08376428064492339
90008,10대,0.1031209460741835
90008,20대,0.22176184693388692
90008,30대,0.1905642858207112
90008,40대,0.1267192587927224
90008,50대,0.16052703717975805
90008,60대,0.1409095280375159
90008,70대 이상,0.056397097161221994
90009,10대,0.09550213896422258
90009,20대,0.2302944028437156
90009,30대,0.19994536291421222
90009,40대,0.09005156341873007
90009,50대,0.1259115496999223
90009,60대,0.19604463442909337
90009,70대 이상,0.062250347730103794
90010,10대,0.03196804453379691
90010,20대,0.1777742815852929
90010,30대,0.1527968003956557
90010,40대,0.22185081712447563
90010,50대,0.17835644937708928
90010,60대,0.14560209049907868
90010,70대 이상,0.09165151648461092
90011,10대,0.07757062227988895
90011,20대,0.2590716144164237
90011,30대,0.1972684951084775
90011,40대,0.10424347895037331
90011,50대,0.15481856452830703
90011,60대,0.13001528218248765
90011,70대 이상,0.07701194253404182
90012,10대,0.05868526573398979
90012,20대,0.19656757374986422
90012,30대,0.19554156564520286
90012,40대,0.2949974547030217
90012,50대,0.1150206065569071
90012,60대,0.08626766922035464
90012,70대 이상,0.05291986439065983
90013,10대,0.057242546541024675
90013,20대,0.1288022147544167
90013,30대,0.09408339230024668
90013,40대,0.18607978793046137
90013,50대,0.22496937849090812
90013,60대,0.14145938255236795
90013,70대 이상,0.16736329743057443
90014,10대,0.06759331894398361
90014,20대,0.20931759101371894
90014,30대,0.1708041764715804
90014,40대,0.19671666756154838
90014,50대,0.15350718652072198
90014,60대,0.1422841990008551
90014,70대 이상,0.0597768604875917
90015,10대,0.05738313475253957
90015,20대,0.13813531015142524
90015,30대,0.13681728320723338
90015,40대,0.1798212461836853
90015,50대,0.2809252521638833
90015,60대,0.11716534427130428
90015,70대 이상,0.08975242926992887
90016,10대,0.10873097884022906
90016,20대,0.2375612645451843
90016,30대,0.18911561576427943
90016,40대,0.10391593671619953
90016,50대,0.19197775708008447
90016,60대,0.06837645588658742
90016,70대 이상,0.10032199116743569
90017,10대,0.06532018440431105
90017,20대,0.19989282433229444
90017,30대,0.14495194538189457
90017,40대,0.13615625942677087
90017,50대,0.21185308132349578
90017,60대,0.1535454894771676
90017,70대 이상,0.08828021565406564
90018,10대,0.05952522360050287
90018,20대,0.2619160461372707
90018,30대,0.1705218861369019
90018,40대,0.17993702301799588
90018,50대,0.15293161395537652
90018,60대,0.1265408869154481
90018,70대 이상,0.048627320236504026
90019,10대,0.0494998542758767
90019,20대,0.17758399984419745
90019,30대,0.240709645707596
90019,40대,0.15419335877154167
90019,50대,0.16823139237657014
90019,60대,0.1043950984804119
90019,70대 이상,0.10538665054380611
90020,10대,0.07183311342847572
90020,20대,0.1743032637196531
90020,30대,0.2018205772926684
90020,40대,0.18917384934028703
90020,50대,0.19837162762599717
90020,60대,0.10952471906588383
90020,70대 이상,0.0549728495270347
90021,10대,0.06774479636111508
90021,20대,0.1591990248424686
90021,30대,0.20967127504521899
90021,40대,0.22953574276120378
90021,50대,0.20530543381824992
90021,60대,0.07626289969681396
90021,70대 이상,0.05228082747492951
90022,10대,0.06985247691268043
90022,20대,0.26248878497371825
90022,30대,0.21300682553740508
90022,40대,0.19463941628882878
90022,50대,0.11947734658161481
90022,60대,0.07451252051558956
90022,70대 이상,0.06602262919016309
90023,10대,0.06087093293715793
90023,20대,0.16990546831195427
90023,30대,0.18497562051572308
90023,40대,0.283481409179034
90023,50대,0.1558694131969621
90023,60대,0.06533799915350076
90023,70대 이상,0.07955915670566788
90024,10대,0.06976029291286677
90024,20대,0.1889360152441963
90024,30대,0.19308716209122953
90024,40대,0.184268121730522
90024,50대,0.21511599398563924
90024,60대,0.08495055065920167
90024,70대 이상,0.0638818633763445
90025,10대,0.09611322584642787
90025,20대,0.15632332780472452
90025,30대,0.12867800700659138
90025,40대,0.22738707178724712
90025,50대,0.22793555012122113
90025,60대,0.12014913469670568
90025,70대 이상,0.04341368273708237
90026,10대,0.10929228147456263
90026,20대,0.13611383859195117
90026,30대,0.23503409645418039
90026,40대,0.17428028203180043
90026,50대,0.1456702228299607
90026,60대,0.12304140712991606
90026,70대 이상,0.07656787148762866
90027,10대,0.04953341005562868
90027,20대,0.16763776500933913
90027,30대,0.1509848571460518
90027,40대,0.23835105562279077
90027,50대,0.19790053359691018
90027,60대,0.12087721297545163
90027,70대 이상,0.07471516559382783
90028,10대,0.060651076984330046
90028,20대,0.2215448336026708
90028,30대,0.19901138179434438
90028,40대,0.12017632302014447
90028,50대,0.17017963430471472
90028,60대,0.10964173196621989
90028,70대 이상,0.11879501832757569
90029,10대,0.05121411711273191
90029,20대,0.1230145188890363
90029,30대,0.24572173081822096
90029,40대,0.2613598252629959
90029,50대,0.13827382241168912
90029,60대,0.10039912823259575
90029,70대 이상,0.08001685727273
90030,10대,0.03279235801840284
90030,20대,0.09161566252494095
90030,30대,0.15866333025074641
90030,40대,0.2771172021778151
90030,50대,0.16680237535681858
90030,60대,0.14880991545166708
90030,70대 이상,0.12419915621960897
90031,10대,0.09207806196219091
90031,20대,0.11705379687547188
90031,30대,0.15707192007382917
90031,40대,0.27490532794278805
90031,50대,0.117817582479903
90031,60대,0.17386443898793777
90031,70대 이상,0.06720887167787912
90032,10대,0.08608262683762961
90032,20대,0.17767658772187056
90032,30대,0.1568333940846894
90032,40대,0.15585272268699532
90032,50대,0.19105568190296615
90032,60대,0.16142480984869093
90032,70대 이상,0.071074176917158
90033,10대,0.06963875683615246
90033,20대,0.1775969588033187
90033,30대,0.12747059594986512
90033,40대,0.1955299448642293
90033,50대,0.1784664360861603
90033,60대,0.19679540909228344
90033,70대 이상,0.054501898367990666
90034,10대,0.06880555106263683
90034,20대,0.21039286322632092
90034,30대,0.22488257022844507
90034,40대,0.16029734957016237
90034,50대,0.14823309622642442
90034,60대,0.13249603147082878
90034,70대 이상,0.05489253821518145
90035,10대,0.06173631796725743
90035,20대,0.17396154771331873
90035,30대,0.25454763394956675
90035,40대,0.18854819677641602
90035,50대,0.13682210295552671
90035,60대,0.10477567307658436
90035,70대 이상,0.07960852756133001
90036,10대,0.06574291904766938
90036,20대,0.1976151448347234
90036,30대,0.1610671403403588
90036,40대,0.18188099457536602
90036,50대,0.1598593283734143
90036,60대,0.1226557980364974
90036,70대 이상,0.11117867479197087
90037,10대,0.09495645652658356
90037,20대,0.18179762300009447
90037,30대,0.17031887309367408
90037,40대,0.17150643883805758
90037,50대,0.1856085630999878
90037,60대,0.13969184832359055
90037,70대 이상,0.05612019711801199
90038,10대,0.057429039984456795
90038,20대,0.0851534764476162
90038,30대,0.17405229379082413
90038,40대,0.22073539081850466
90038,50대,0.16820518193117784
90038,60대,0.22163386568905755
90038,70대 이상,0.07279075133836276
90039,10대,0.08010057779976391
90039,20대,0.169168793274993
90039,30대,0.1757119460971842
90039,40대,0.17509695677028653
90039,50대,0.16558274233727086
90039,60대,0.1406645190278421
90039,70대 이상,0.0936744646926594
