content_id,content_type_id,title,sgg_code,category,lat,lon
S100000,12,가상 관광지 001,90014,휴양,36.17575367337183,126.9750511445598
S100001,12,가상 관광지 002,90011,역사,37.38123607559034,128.7403162077247
S100002,12,가상 관광지 003,90002,체험,36.35925656695927,126.71901856447694
S100003,28,가상 관광지 004,90021,레포츠,35.90723633003138,128.82902235018244
S100004,12,가상 관광지 005,90027,체험,35.72943368969244,126.96013222841275
S100005,14,가상 관광지 006,90025,문화시설,35.375006386484635,127.9166694597484
S100006,12,가상 관광지 007,90020,자연,36.338512974377274,128.35298284176284
S100007,28,가상 관광지 008,90021,레포츠,35.97588330852456,129.07194251857916
S100008,12,가상 관광지 009,90005,역사,37.08621267458279,128.2575466435964
S100009,28,가상 관광지 010,90009,레포츠,36.36001421298737,127.98602692000686
S100010,12,가상 관광지 011,90039,휴양,37.31542245395271,128.39641280940452
S100011,28,가상 관광지 012,90029,레포츠,35.87969959701082,127.70496389219933
S100012,28,가상 관광지 013,90038,레포츠,36.88463737525082,128.60259737312072
S100013,14,가상 관광지 014,90038,문화시설,36.876022489269005,128.5791522238968
S100014,28,가상 관광지 015,90025,레포츠,35.30133008706061,128.03693196089733
S100015,12,가상 관광지 016,90038,체험,36.99405613828527,128.6524050727391
S100016,28,가상 관광지 017,90020,레포츠,36.399583128392464,128.28091709613554
S100017,12,가상 관광지 018,90001,역사,35.427375955754584,127.09444576457496
S100018,12,가상 관광지 019,90003,자연,35.93265762336428,127.22812973792728
S100019,12,가상 관광지 020,90006,체험,35.98519581265872,127.11463982702924
S100020,14,가상 관광지 021,90005,문화시설,36.982361369643435,128.2917250451078
S100021,14,가상 관광지 022,90018,문화시설,37.208109492940764,127.52427214865648
S100022,12,가상 관광지 023,90027,체험,35.67854650656403,127.08827957671471
S100023,12,가상 관광지 024,90030,체험,35.55815236066519,128.8261868618817
S100024,12,가상 관광지 025,90022,체험,36.94561835572408,127.32978614461848
S100025,28,가상 관광지 026,90009,레포츠,36.330791082222596,128.02556868997414
S100026,28,가상 관광지 027,90029,레포츠,35.768842026272175,127.64811292391552
S100027,12,가상 관광지 028,90018,자연,37.11381376187022,127.51495474623638
S100028,12,가상 관광지 029,90001,체험,35.247541218452696,127.1411661829319
S100029,12,가상 관광지 030,90014,휴양,36.12940685518916,127.16526993299105
S100030,14,가상 관광지 031,90016,문화시설,37.05052631405939,128.86839168943308
S100031,12,가상 관광지 032,90014,체험,36.20891904165889,127.10293252415723
S100032,28,가상 관광지 033,90032,레포츠,35.60872111342484,128.93663217214456
S100033,12,가상 관광지 034,90029,휴양,35.688054616026676,127.75493241627733
S100034,14,가상 관광지 035,90026,문화시설,36.86382932592454,128.19951231313902
S100035,12,가상 관광지 036,90008,자연,35.82408681543051,128.4310090707895
S100036,28,가상 관광지 037,90031,레포츠,37.04814431639965,128.11935627893632
S100037,12,가상 관광지 038,90026,자연,36.805282510495196,128.17344140335413
S100038,12,가상 관광지 039,90011,휴양,37.20629034474246,128.51042632948653
S100039,28,가상 관광지 040,90025,레포츠,35.47095116289676,128.07064747525217
S100040,28,가상 관광지 041,90020,레포츠,36.33765615774272,128.34489480600885
S100041,12,가상 관광지 042,90020,휴양,36.4628149299014,128.25476014997955
S100042,12,가상 관광지 043,90006,휴양,35.90048416209763,127.15958560384735
S100043,12,가상 관광지 044,90021,자연,35.83947923160672,128.7644701132653
S100044,28,가상 관광지 045,90005,레포츠,37.051769691127625,128.28696734571173
S100045,12,가상 관광지 046,90009,자연,36.37097369415853,128.07564989643865
S100046,12,가상 관광지 047,90008,자연,35.88363161573005,128.27648775234582
S100047,12,가상 관광지 048,90039,휴양,37.4094541780662,128.71986786697408
S100048,12,가상 관광지 049,90014,자연,36.11804575437594,127.08369356913786
S100049,12,가상 관광지 050,90018,자연,37.15210828139364,127.43354596790574
S100050,12,가상 관광지 051,90016,체험,37.15140299587154,128.84245496015467
S100051,14,가상 관광지 052,90037,문화시설,35.80526728816527,126.89991983118782
S100052,12,가상 관광지 053,90021,역사,35.879228505018254,128.8491804107292
S100053,14,가상 관광지 054,90038,문화시설,36.9904734116032,128.69356975060322
S100054,12,가상 관광지 055,90015,체험,37.39746652715047,127.02823219318546
S100055,12,가상 관광지 056,90007,역사,37.215614989482745,127.85590458816937
S100056,14,가상 관광지 057,90021,문화시설,35.80169354932785,128.99403796005933
S100057,12,가상 관광지 058,90018,체험,37.259630043457655,127.55590492998469
S100058,14,가상 관광지 059,90031,문화시설,37.02302873805948,128.1474829501669
S100059,12,가상 관광지 060,90036,자연,35.593311652229964,126.80738271136667
S100060,12,가상 관광지 061,90020,역사,36.32504888695637,128.24153829352176
S100061,12,가상 관광지 062,90039,역사,37.24937967207509,128.4967070970051
S100062,12,가상 관광지 063,90021,휴양,35.98042962299844,128.83273704717132
S100063,28,가상 관광지 064,90013,레포츠,35.27522018640797,128.3526556544326
S100064,14,가상 관광지 065,90020,문화시설,36.423532484514496,128.21503745960493
S100065,12,가상 관광지 066,90002,체험,36.4237745355281,126.7582293636101
S100066,12,가상 관광지 067,90031,체험,37.1142197971489,128.0018342588176
S100067,28,가상 관광지 068,90005,레포츠,36.99355490848405,128.30620726883106
S100068,12,가상 관광지 069,90015,휴양,37.43442020069498,127.0886800586933
S100069,12,가상 관광지 070,90021,역사,35.93818949679304,129.0214266585933
S100070,12,가상 관광지 071,90002,자연,36.45807289663638,126.7838761471732
S100071,12,가상 관광지 072,90004,역사,37.04641350352227,127.11073592040397
S100072,12,가상 관광지 073,90026,체험,36.82896610200092,128.2166351262476
S100073,12,가상 관광지 074,90003,휴양,36.13095510599174,127.28747463671868
S100074,12,가상 관광지 075,90020,휴양,36.287072173744434,128.31040461929237
S100075,12,가상 관광지 076,90017,휴양,36.84719610134588,127.72893806949442
S100076,28,가상 관광지 077,90012,레포츠,35.56303035119289,128.3968144618186
S100077,28,가상 관광지 078,90011,레포츠,37.283442299308334,128.55117917824762
S100078,12,가상 관광지 079,90029,자연,35.704366906258834,127.69702439489706
S100079,12,가상 관광지 080,90039,자연,37.3569029156695,128.45725482139954
S100080,12,가상 관광지 081,90008,역사,35.82988868879609,128.2709631139111
S100081,28,가상 관광지 082,90039,레포츠,37.24310098628785,128.50945706764222
S100082,12,가상 관광지 083,90022,휴양,36.89900048781958,127.35150367577046
S100083,28,가상 관광지 084,90025,레포츠,35.34179274975352,128.05223037078713
S100084,12,가상 관광지 085,90027,체험,35.673349989283366,127.11673823908075
S100085,12,가상 관광지 086,90027,체험,35.78562553427167,126.96940991798861
S100086,12,가상 관광지 087,90032,역사,35.56649849709506,128.87249198802257
S100087,12,가상 관광지 088,90020,휴양,36.37309027537646,128.18591348831282
S100088,12,가상 관광지 089,90021,자연,35.92907415644893,128.88102661353759
S100089,12,가상 관광지 090,90016,체험,37.04573464450437,128.79231454167189
S100090,12,가상 관광지 091,90005,역사,36.89649222286702,128.33298177735074
S100091,12,가상 관광지 092,90025,역사,35.526237955944154,127.97392052095005
S100092,12,가상 관광지 093,90002,자연,36.35784290705664,126.90147606191749
S100093,14,가상 관광지 094,90014,문화시설,36.193863993874885,127.07112659926973
S100094,28,가상 관광지 095,90005,레포츠,36.936936981241516,128.24537682227665
S100095,12,가상 관광지 096,90011,휴양,37.26407621846377,128.48134258923682
S100096,12,가상 관광지 097,90025,체험,35.36983141759892,128.03916000883967
S100097,28,가상 관광지 098,90025,레포츠,35.44151913901251,128.08410098127484
S100098,12,가상 관광지 099,90020,체험,36.34969483988919,128.27743375603748
S100099,12,가상 관광지 100,90004,체험,36.99864004847265,127.24672709577935
S100100,12,가상 관광지 101,90020,휴양,36.27847806566935,128.3583863897528
S100101,12,가상 관광지 102,90018,체험,37.17580993178231,127.44056017838787
S100102,12,가상 관광지 103,90027,체험,35.70465000708774,127.01071236788516
S100103,14,가상 관광지 104,90021,문화시설,35.92069277655499,128.9352499358673
S100104,12,가상 관광지 105,90020,체험,36.499077487392405,128.1996399254501
S100105,12,가상 관광지 106,90020,체험,36.42249859592591,128.33994144953715
S100106,12,가상 관광지 107,90039,자연,37.38111901054778,128.5783096308444
S100107,28,가상 관광지 108,90029,레포츠,35.724998827148035,127.74000362625597
S100108,28,가상 관광지 109,90020,레포츠,36.22516323522998,128.30638802482386
S100109,12,가상 관광지 110,90020,역사,36.262151209096174,128.37889935991572
S100110,12,가상 관광지 111,90002,역사,36.497643004027424,126.84262670761116
S100111,28,가상 관광지 112,90039,레포츠,37.290632772526635,128.54508476835434
S100112,12,가상 관광지 113,90016,역사,37.11973485987097,128.9462479858469
S100113,14,가상 관광지 114,90013,문화시설,35.28886433412209,128.49349333773358
S100114,14,가상 관광지 115,90040,문화시설,36.23790783411436,127.28934104349929
S100115,28,가상 관광지 116,90027,레포츠,35.703807010957206,127.03333733965778
S100116,12,가상 관광지 117,90002,자연,36.41764698829438,126.84433649707375
S100117,12,가상 관광지 118,90003,휴양,35.96253725721704,127.33057017211982
S100118,12,가상 관광지 119,90002,체험,36.37621431787453,126.7356978433923
S100119,28,가상 관광지 120,90022,레포츠,36.85155588907535,127.32220777659441
S100120,12,가상 관광지 121,90003,역사,36.04737063732743,127.2431259644573
S100121,12,가상 관광지 122,90039,역사,37.3240905959044,128.48546590330454
S100122,12,가상 관광지 123,90039,역사,37.32730381926049,128.50792991333728
S100123,14,가상 관광지 124,90021,문화시설,35.93086066786628,128.94680091044964
S100124,28,가상 관광지 125,90024,레포츠,36.01352462702818,126.84286584010704
S100125,12,가상 관광지 126,90014,자연,36.140518305899256,127.10207467577679
S100126,12,가상 관광지 127,90003,역사,36.044256045831574,127.21954202729452
S100127,12,가상 관광지 128,90029,역사,35.770227135625966,127.6897365482914
S100128,28,가상 관광지 129,90005,레포츠,36.96932882857095,128.33195711827042
S100129,12,가상 관광지 130,90004,휴양,37.03037390142854,127.13165555120271
S100130,12,가상 관광지 131,90015,역사,37.33631882713884,127.0215382000576
S100131,12,가상 관광지 132,90001,역사,35.230666640997725,127.12789087265932
S100132,12,가상 관광지 133,90020,체험,36.3876372429682,128.41222061782366
S100133,12,가상 관광지 134,90027,휴양,35.80410965878298,127.03174243320376
S100134,12,가상 관광지 135,90030,자연,35.49738535761026,128.87718712048502
S100135,14,가상 관광지 136,90022,문화시설,36.9152786115677,127.41801833188516
S100136,12,가상 관광지 137,90034,휴양,36.521414337894754,127.83469192094852
S100137,12,가상 관광지 138,90020,역사,36.383273106299555,128.24771948143155
S100138,14,가상 관광지 139,90034,문화시설,36.57474866700723,127.82604469437429
S100139,14,가상 관광지 140,90021,문화시설,35.949717594339184,128.80132988971775
S100140,12,가상 관광지 141,90012,자연,35.55609052372368,128.30651155189875
S100141,12,가상 관광지 142,90039,자연,37.42123770112865,128.54254412772033
S100142,12,가상 관광지 143,90014,자연,36.170921172910624,127.07675829552451
S100143,14,가상 관광지 144,90002,문화시설,36.45861800421521,126.79102658371784
S100144,12,가상 관광지 145,90012,체험,35.57906247213053,128.36150473412943
S100145,14,가상 관광지 146,90018,문화시설,37.17456388238181,127.46635816179706
S100146,12,가상 관광지 147,90018,체험,37.11559836051774,127.52434606387477
S100147,12,가상 관광지 148,90021,휴양,35.93712496432843,128.8954263440375
S100148,12,가상 관광지 149,90036,체험,35.80287392826652,126.86717814912025
S100149,14,가상 관광지 150,90014,문화시설,36.13472582751928,127.05041503232572
S100150,12,가상 관광지 151,90021,휴양,35.899303596953246,128.9424178661552
S100151,28,가상 관광지 152,90017,레포츠,36.82016532694445,127.70097314724774
S100152,28,가상 관광지 153,90033,레포츠,35.565109083853315,128.6302012045711
S100153,14,가상 관광지 154,90009,문화시설,36.42579265299689,128.12839877265708
S100154,28,가상 관광지 155,90005,레포츠,36.937774977477815,128.33206057554997
S100155,12,가상 관광지 156,90020,휴양,36.31304356444821,128.25141204947386
S100156,12,가상 관광지 157,90025,자연,35.31257710031146,128.03858143901212
S100157,12,가상 관광지 158,90030,휴양,35.42461074783274,129.0001558317066
S100158,14,가상 관광지 159,90022,문화시설,36.79592335706697,127.38453647928232
S100159,14,가상 관광지 160,90029,문화시설,35.768043546965224,127.6780629579871
S100160,12,가상 관광지 161,90020,휴양,36.509470226160424,128.27100146593642
S100161,12,가상 관광지 162,90002,역사,36.39867470504223,126.85972941127662
S100162,12,가상 관광지 163,90007,휴양,37.196373193174026,127.85623839461691
S100163,14,가상 관광지 164,90002,문화시설,36.47467541252705,126.8254264535191
S100164,12,가상 관광지 165,90016,자연,37.118074488225,128.8340576980183
S100165,12,가상 관광지 166,90020,역사,36.4194492086834,128.10323165998764
S100166,12,가상 관광지 167,90018,역사,37.14282173706536,127.44671554266995
S100167,14,가상 관광지 168,90021,문화시설,35.85713497268278,128.89135891720395
S100168,12,가상 관광지 169,90020,휴양,36.33081093950545,128.24708076208228
S100169,12,가상 관광지 170,90026,자연,36.88840375062403,128.2938592449188
S100170,12,가상 관광지 171,90025,역사,35.39418143189,127.93632981222338
S100171,12,가상 관광지 172,90016,자연,37.131886503593186,128.78291403223
S100172,12,가상 관광지 173,90018,휴양,37.14781358375402,127.27923341603571
S100173,28,가상 관광지 174,90022,레포츠,36.82211603957412,127.39651753250833
S100174,12,가상 관광지 175,90022,체험,36.92224924678181,127.4024866503517
S100175,28,가상 관광지 176,90015,레포츠,37.276022645292144,127.03655996568736
S100176,14,가상 관광지 177,90016,문화시설,37.13504269849888,128.91817502597817
S100177,28,가상 관광지 178,90026,레포츠,36.888500257497704,128.25498847226197
S100178,12,가상 관광지 179,90025,역사,35.4260095667113,128.02688566381772
S100179,28,가상 관광지 180,90008,레포츠,35.87543847828745,128.30143444466654
S100180,12,가상 관광지 181,90020,역사,36.33758565248706,128.33013454484737
S100181,12,가상 관광지 182,90036,휴양,35.70234103543119,126.83785787456087
S100182,14,가상 관광지 183,90002,문화시설,36.47615738446745,126.77338093023374
S100183,12,가상 관광지 184,90034,역사,36.545410601600715,127.70810211599772
S100184,12,가상 관광지 185,90009,역사,36.388778430948584,128.04756452571328
S100185,12,가상 관광지 186,90021,자연,35.94006932729196,128.9551962187054
S100186,12,가상 관광지 187,90020,자연,36.315120582049374,128.4176589763479
S100187,12,가상 관광지 188,90001,체험,35.20167368888612,127.120887229846
S100188,28,가상 관광지 189,90038,레포츠,36.93551237168115,128.5711680666836
S100189,12,가상 관광지 190,90020,역사,36.37425374670007,128.1753537035
S100190,12,가상 관광지 191,90039,휴양,37.40344645680244,128.59163443705674
S100191,28,가상 관광지 192,90014,레포츠,36.10103425550397,126.96480392975919
S100192,14,가상 관광지 193,90035,문화시설,37.069650626285785,128.56500374545317
S100193,12,가상 관광지 194,90038,자연,36.937884660109056,128.68198276518044
S100194,12,가상 관광지 195,90021,체험,35.89077389469656,128.93291072722963
S100195,12,가상 관광지 196,90011,자연,37.14615015747345,128.55369764056528
S100196,12,가상 관광지 197,90026,역사,36.86544363479311,128.23429109144666
S100197,12,가상 관광지 198,90021,역사,35.78389853912841,128.91433685148232
S100198,12,가상 관광지 199,90039,체험,37.28130274422172,128.4985289253851
S100199,12,가상 관광지 200,90020,역사,36.422589275221796,128.38783013064614
S100200,12,가상 관광지 201,90013,역사,35.40829610373156,128.40114725204145
S100201,12,가상 관광지 202,90008,역사,35.76707986179995,128.38168001944584
S100202,12,가상 관광지 203,90026,휴양,36.82317365272309,128.0254422459097
S100203,12,가상 관광지 204,90039,체험,37.34057548871885,128.64235055611002
S100204,12,가상 관광지 205,90002,휴양,36.52754904831615,126.93347329508386
S100205,12,가상 관광지 206,90029,역사,35.700563128143045,127.72413986759474
S100206,12,가상 관광지 207,90038,체험,36.881677602748596,128.66385692517366
S100207,12,가상 관광지 208,90003,체험,36.108952558005136,127.34433932871
S100208,12,가상 관광지 209,90006,자연,35.875218215046885,127.02303666030791
S100209,28,가상 관광지 210,90026,레포츠,36.886269247505844,128.23304380707913
S100210,28,가상 관광지 211,90025,레포츠,35.31919809182859,127.96483156022792
S100211,12,가상 관광지 212,90003,체험,36.00575505985182,127.2626302813423
S100212,12,가상 관광지 213,90033,체험,35.494814467647444,128.6484800343734
S100213,14,가상 관광지 214,90021,문화시설,35.831717887170406,128.97059720385235
S100214,12,가상 관광지 215,90037,휴양,35.933064161689344,126.99067050773651
S100215,12,가상 관광지 216,90036,휴양,35.62916194110686,126.7878905807043
S100216,12,가상 관광지 217,90032,휴양,35.51807915214071,128.80745932534842
S100217,12,가상 관광지 218,90021,자연,35.85011893658889,128.95365593515592
S100218,28,가상 관광지 219,90013,레포츠,35.28556399826865,128.35576587395747
S100219,12,가상 관광지 220,90021,역사,35.913110704053786,128.92734105023584
S100220,12,가상 관광지 221,90005,역사,37.037128210929176,128.3431283586927
S100221,28,가상 관광지 222,90025,레포츠,35.25031786868953,128.0152585115985
S100222,12,가상 관광지 223,90008,체험,35.790113573452494,128.39808181719488
S100223,12,가상 관광지 224,90021,체험,35.904589688559085,128.88106945363904
S100224,12,가상 관광지 225,90003,역사,36.010097237539625,127.2902733739279
S100225,12,가상 관광지 226,90015,역사,37.40742881547444,127.00385113185153
S100226,14,가상 관광지 227,90012,문화시설,35.57818961584803,128.44509809948818
S100227,12,가상 관광지 228,90024,휴양,36.003754931742556,126.80103444976125
S100228,12,가상 관광지 229,90030,자연,35.43845625954604,128.95019423395505
S100229,28,가상 관광지 230,90003,레포츠,36.00129893511323,127.30025114129866
S100230,12,가상 관광지 231,90034,휴양,36.58756668233522,127.75454470900382
S100231,14,가상 관광지 232,90034,문화시설,36.47472166537151,127.78560230335401
S100232,12,가상 관광지 233,90017,휴양,36.843169239416646,127.77147308314773
S100233,12,가상 관광지 234,90025,체험,35.418827202575244,128.03555172110342
S100234,14,가상 관광지 235,90020,문화시설,36.435109448642656,128.1876607441842
S100235,28,가상 관광지 236,90009,레포츠,36.31510718881559,128.0998295204004
S100236,12,가상 관광지 237,90021,역사,35.9525723133884,128.8921431832917
S100237,14,가상 관광지 238,90004,문화시설,37.09945619908721,127.33179212728743
S100238,28,가상 관광지 239,90036,레포츠,35.628331008672625,126.85919959364334
S100239,12,가상 관광지 240,90038,체험,36.89764750538598,128.59809921344737
S100240,12,가상 관광지 241,90033,자연,35.574647057624134,128.66899596859363
S100241,12,가상 관광지 242,90021,역사,35.87969452597319,128.77349863379283
S100242,12,가상 관광지 243,90021,역사,35.94629830566235,128.90897357645
S100243,12,가상 관광지 244,90039,자연,37.35187873596946,128.69260758894302
S100244,14,가상 관광지 245,90012,문화시설,35.57625458123063,128.36576173524958
S100245,28,가상 관광지 246,90003,레포츠,35.94851561387458,127.18391219287211
S100246,12,가상 관광지 247,90021,체험,35.83699450938523,128.8746569079946
S100247,12,가상 관광지 248,90016,체험,37.29029679524743,128.94245387508147
S100248,14,가상 관광지 249,90016,문화시설,37.151020442243485,128.86696248395677
S100249,12,가상 관광지 250,90001,휴양,35.235821303852894,127.05785457794687
S100250,12,가상 관광지 251,90022,휴양,36.98429330057953,127.38221470263798
S100251,12,가상 관광지 252,90013,체험,35.31571187558414,128.3865857896337
S100252,12,가상 관광지 253,90011,역사,37.29398514911959,128.59435780948476
S100253,12,가상 관광지 254,90002,자연,36.41239260814437,126.92433356226374
S100254,12,가상 관광지 255,90018,체험,37.140623094498146,127.53575673281401
S100255,14,가상 관광지 256,90036,문화시설,35.62198108222222,126.87116177749701
S100256,12,가상 관광지 257,90017,자연,36.76397335258737,127.58145689321084
S100257,12,가상 관광지 258,90026,역사,36.83766150040266,128.10178996971885
S100258,12,가상 관광지 259,90029,역사,35.747897249635066,127.75937914398084
S100259,14,가상 관광지 260,90016,문화시설,37.272717779791435,128.74645463535902
S100260,12,가상 관광지 261,90033,체험,35.59955022184734,128.55380432287373
S100261,12,가상 관광지 262,90026,체험,36.702886522435236,128.21603577693142
S100262,12,가상 관광지 263,90021,체험,35.889404788060666,128.82273958582795
S100263,12,가상 관광지 264,90001,역사,35.446677871574096,127.04487614220763
S100264,14,가상 관광지 265,90002,문화시설,36.47265740676036,126.82407135843829
S100265,12,가상 관광지 266,90039,자연,37.289364800705606,128.58825311444204
S100266,12,가상 관광지 267,90030,자연,35.505533842171104,129.00001652064395
S100267,14,가상 관광지 268,90039,문화시설,37.29349733184074,128.59549133474928
S100268,12,가상 관광지 269,90037,체험,35.8014836292074,127.04527275453407
S100269,12,가상 관광지 270,90002,역사,36.39977327086722,126.77842620020904
S100270,12,가상 관광지 271,90030,휴양,35.4755590376596,128.85074671700588
S100271,12,가상 관광지 272,90020,자연,36.229159062704184,128.22253987189686
S100272,14,가상 관광지 273,90030,문화시설,35.40111789387295,128.95440569766365
S100273,14,가상 관광지 274,90001,문화시설,35.28292775737854,127.14013816507666
S100274,12,가상 관광지 275,90014,역사,36.13272314144735,126.94133391442533
S100275,12,가상 관광지 276,90029,휴양,35.753823941281276,127.66705411051714
S100276,12,가상 관광지 277,90030,역사,35.39718735166676,129.01002573532742
S100277,12,가상 관광지 278,90024,휴양,36.06489382843536,126.86023593439606
S100278,12,가상 관광지 279,90015,역사,37.31220069509923,126.97306774411355
S100279,12,가상 관광지 280,90015,역사,37.4817902990391,127.23716585074263
S100280,12,가상 관광지 281,90039,휴양,37.235072640271426,128.5509716730533
S100281,28,가상 관광지 282,90020,레포츠,36.27593513662718,128.28520464523183
S100282,14,가상 관광지 283,90020,문화시설,36.3665306410321,128.28626800100304
S100283,12,가상 관광지 284,90021,역사,35.994897909117604,128.87663948287212
S100284,28,가상 관광지 285,90020,레포츠,36.36039097501716,128.2073711103524
S100285,12,가상 관광지 286,90021,역사,35.928815389238686,129.05088841445794
S100286,28,가상 관광지 287,90020,레포츠,36.34254060695057,128.32852567895313
S100287,12,가상 관광지 288,90033,역사,35.532806370700115,128.62712961842612
S100288,12,가상 관광지 289,90038,체험,36.88088234323623,128.6650831961623
S100289,12,가상 관광지 290,90039,역사,37.26530355413525,128.48276537699002
S100290,14,가상 관광지 291,90021,문화시설,35.818321315961136,128.99179827892513
S100291,12,가상 관광지 292,90020,역사,36.365593328009375,128.19928198201907
S100292,28,가상 관광지 293,90027,레포츠,35.71002245610502,127.0528043641222
S100293,12,가상 관광지 294,90033,자연,35.61356351835043,128.454836720966
S100294,12,가상 관광지 295,90021,체험,35.81693454889448,128.759511045958
S100295,12,가상 관광지 296,90027,자연,35.79519611623731,127.05525467243737
S100296,28,가상 관광지 297,90029,레포츠,35.700814310874726,127.66541455379223
S100297,12,가상 관광지 298,90026,휴양,36.927334076986895,128.05550351570758
S100298,14,가상 관광지 299,90029,문화시설,35.74955839874725,127.75989416770217
S100299,28,가상 관광지 300,90012,레포츠,35.63628417226009,128.52230133912832
S100300,12,가상 관광지 301,90020,체험,36.296149589864676,128.35557048618048
S100301,12,가상 관광지 302,90022,자연,36.90179595105882,127.41216944717192
S100302,12,가상 관광지 303,90001,역사,35.22344239410062,127.11719367708153
S100303,12,가상 관광지 304,90034,역사,36.49382582678119,127.89037896139652
S100304,28,가상 관광지 305,90023,레포츠,36.6399285256044,128.91312750587488
S100305,28,가상 관광지 306,90008,레포츠,35.796467750667034,128.30332985809653
S100306,12,가상 관광지 307,90032,휴양,35.464295325043146,128.85504352762118
S100307,28,가상 관광지 308,90027,레포츠,35.69260209561114,127.05401732472517
S100308,12,가상 관광지 309,90029,역사,35.589750378070065,127.7608228449154
S100309,14,가상 관광지 310,90020,문화시설,36.27810760503998,128.2489859171391
S100310,12,가상 관광지 311,90034,휴양,36.55629177514617,127.81983355626683
S100311,12,가상 관광지 312,90020,역사,36.24557848092939,128.35488953116268
S100312,12,가상 관광지 313,90021,역사,35.81295654325255,128.98703761467434
S100313,12,가상 관광지 314,90001,휴양,35.389761537861574,127.14999324575328
S100314,12,가상 관광지 315,90025,휴양,35.36963690674444,128.1417733280206
S100315,12,가상 관광지 316,90027,역사,35.796675895580194,127.0059230848958
S100316,12,가상 관광지 317,90021,휴양,35.93358294281777,129.01597930690738
S100317,12,가상 관광지 318,90020,자연,36.38123996063707,128.29627734912737
S100318,28,가상 관광지 319,90032,레포츠,35.445886642737406,129.08162291607547
S100319,12,가상 관광지 320,90026,휴양,,
