sgg_code,year,crime_major,count
90001,2024,살인,3
90001,2024,강도,2
90001,2024,강간·강제추행,141
90001,2024,절도,1119
90001,2024,폭력,890
90002,2024,살인,0
90002,2024,강도,2
90002,2024,강간·강제추행,23
90002,2024,절도,193
90002,2024,폭력,148
90003,2024,살인,2
90003,2024,강도,3
90003,2024,강간·강제추행,198
90003,2024,절도,1558
90003,2024,폭력,1281
90004,2024,살인,1
90004,2024,강도,0
90004,2024,강간·강제추행,31
90004,2024,절도,181
90004,2024,폭력,176
90005,2024,살인,2
90005,2024,강도,3
90005,2024,강간·강제추행,113
90005,2024,절도,979
90005,2024,폭력,786
90006,2024,살인,2
90006,2024,강도,5
90006,2024,강간·강제추행,64
90006,2024,절도,518
90006,2024,폭력,410
90007,2024,살인,7
90007,2024,강도,14
90007,2024,강간·강제추행,188
90007,2024,절도,1328
90007,2024,폭력,1036
90008,2024,살인,4
90008,2024,강도,2
90008,2024,강간·강제추행,119
90008,2024,절도,917
90008,2024,폭력,752
90009,2024,살인,5
90009,2024,강도,3
90009,2024,강간·강제추행,82
90009,2024,절도,620
90009,2024,폭력,491
90010,2024,살인,1
90010,2024,강도,1
90010,2024,강간·강제추행,28
90010,2024,절도,247
90010,2024,폭력,188
90011,2024,살인,2
90011,2024,강도,0
90011,2024,강간·강제추행,42
90011,2024,절도,354
90011,2024,폭력,289
90012,2024,살인,0
90012,2024,강도,4
90012,2024,강간·강제추행,90
90012,2024,절도,838
90012,2024,폭력,647
90013,2024,살인,0
90013,2024,강도,0
90013,2024,강간·강제추행,9
90013,2024,절도,84
90013,2024,폭력,69
90014,2024,살인,1
90014,2024,강도,3
90014,2024,강간·강제추행,141
90014,2024,절도,1046
90014,2024,폭력,824
90015,2024,살인,1
90015,2024,강도,0
90015,2024,강간·강제추행,17
90015,2024,절도,131
90015,2024,폭력,132
90016,2024,살인,1
90016,2024,강도,1
90016,2024,강간·강제추행,34
90016,2024,절도,315
90016,2024,폭력,269
90017,2024,살인,1
90017,2024,강도,1
90017,2024,강간·강제추행,23
90017,2024,절도,156
90017,2024,폭력,119
90018,2024,살인,3
90018,2024,강도,2
90018,2024,강간·강제추행,93
90018,2024,절도,756
90018,2024,폭력,646
90019,2024,살인,5
90019,2024,강도,5
90019,2024,강간·강제추행,113
90019,2024,절도,1003
90019,2024,폭력,786
90020,2024,살인,3
90020,2024,강도,1
90020,2024,강간·강제추행,60
90020,2024,절도,425
90020,2024,폭력,328
90021,2024,살인,3
90021,2024,강도,9
90021,2024,강간·강제추행,171
90021,2024,절도,1304
90021,2024,폭력,1050
90022,2024,살인,1
90022,2024,강도,1
90022,2024,강간·강제추행,24
90022,2024,절도,249
90022,2024,폭력,210
90023,2024,살인,1
90023,2024,강도,2
90023,2024,강간·강제추행,70
90023,2024,절도,676
90023,2024,폭력,545
90024,2024,살인,6
90024,2024,강도,7
90024,2024,강간·강제추행,138
90024,2024,절도,1145
90024,2024,폭력,891
90025,2024,살인,4
90025,2024,강도,5
90025,2024,강간·강제추행,105
90025,2024,절도,935
90025,2024,폭력,711
90026,2024,살인,5
90026,2024,강도,3
90026,2024,강간·강제추행,103
90026,2024,절도,784
90026,2024,폭력,571
90027,2024,살인,0
90027,2024,강도,0
90027,2024,강간·강제추행,14
90027,2024,절도,101
90027,2024,폭력,82
90028,2024,살인,4
90028,2024,강도,1
90028,2024,강간·강제추행,66
90028,2024,절도,618
90028,2024,폭력,513
90029,2024,살인,6
90029,2024,강도,4
90029,2024,강간·강제추행,139
90029,2024,절도,1073
90029,2024,폭력,801
90030,2024,살인,0
90030,2024,강도,2
90030,2024,강간·강제추행,16
90030,2024,절도,178
90030,2024,폭력,116
90031,2024,살인,0
90031,2024,강도,0
90031,2024,강간·강제추행,8
90031,2024,절도,65
90031,2024,폭력,60
90032,2024,살인,10
90032,2024,강도,7
90032,2024,강간·강제추행,173
90032,2024,절도,1492
90032,2024,폭력,1166
90033,2024,살인,2
90033,2024,강도,2
90033,2024,강간·강제추행,75
90033,2024,절도,593
90033,2024,폭력,455
90034,2024,살인,1
90034,2024,강도,3
90034,2024,강간·강제추행,48
90034,2024,절도,444
90034,2024,폭력,380
90035,2024,살인,1
90035,2024,강도,0
90035,2024,강간·강제추행,5
90035,2024,절도,75
90035,2024,폭력,85
90036,2024,살인,7
90036,2024,강도,7
90036,2024,강간·강제추행,164
90036,2024,절도,1365
90036,2024,폭력,1110
90037,2024,살인,1
90037,2024,강도,4
90037,2024,강간·강제추행,46
90037,2024,절도,489
90037,2024,폭력,361
90038,2024,살인,2
90038,2024,강도,0
90038,2024,강간·강제추행,21
90038,2024,절도,173
90038,2024,폭력,128
90039,2024,살인,3
90039,2024,강도,3
90039,2024,강간·강제추행,49
90039,2024,절도,465
90039,2024,폭력,358
90040,2024,살인,1
90040,2024,강도,0
90040,2024,강간·강제추행,11
90040,2024,절도,108
90040,2024,폭력,116
