sgg_code,field,grade
90001,범죄,2
90002,범죄,4
90003,범죄,5
90004,범죄,4
90005,범죄,4
90006,범죄,1
90007,범죄,3
90008,범죄,3
90009,범죄,5
90010,범죄,5
90011,범죄,2
90012,범죄,1
90013,범죄,3
90014,범죄,2
90015,범죄,3
90016,범죄,3
90017,범죄,5
90018,범죄,1
90019,범죄,4
90020,범죄,5
90021,범죄,5
90022,범죄,1
90023,범죄,1
90024,범죄,3
90025,범죄,4
90026,범죄,5
90027,범죄,1
90028,범죄,2
90029,범죄,3
90030,범죄,2
90031,범죄,1
90032,범죄,5
90033,범죄,5
90034,범죄,4
90035,범죄,1
90036,범죄,1
90037,범죄,2
90038,범죄,2
90039,범죄,4
90040,범죄,3
90001,교통사고,2
90002,교통사고,3
90003,교통사고,4
90004,교통사고,1
90005,교통사고,2
90006,교통사고,3
90007,교통사고,3
90008,교통사고,5
90009,교통사고,2
90010,교통사고,3
90011,교통사고,5
90012,교통사고,3
90013,교통사고,3
90014,교통사고,4
90015,교통사고,5
90016,교통사고,4
90017,교통사고,2
90018,교통사고,3
90019,교통사고,1
90020,교통사고,5
90021,교통사고,5
90022,교통사고,3
90023,교통사고,1
90024,교통사고,1
90025,교통사고,5
90026,교통사고,2
90027,교통사고,5
90028,교통사고,1
90029,교통사고,4
90030,교통사고,4
90031,교통사고,2
90032,교통사고,2
90033,교통사고,4
90034,교통사고,5
90035,교통사고,1
90036,교통사고,1
90037,교통사고,1
90038,교통사고,4
90039,교통사고,5
90040,교통사고,1
