sgg_code,sido,sigungu,kind,population,lat,lon
90001,가상도 중부,가상구 01,구,291475,35.2823076235876,127.11657450561275
90002,가상도 남부,가상군 02,군,52658,36.42067543266126,126.83065983295803
90003,가상 광역시,가상구 03,구,209982,36.016029024497364,127.30524326599748
90004,가상도 남부,가상군 04,군,45075,37.025537434891305,127.09000887913034
90005,가상 광역시,가상시 05,시,268624,36.978153238541466,128.2908490819483
90006,가상 광역시,가상구 06,구,295017,35.89770556420998,127.06803151018276
90007,가상 광역시,가상구 07,구,201237,37.29637866915344,127.91392584956539
90008,가상도 남부,가상구 08,구,244018,35.840019243908266,128.32737735841434
90009,가상도 중부,가상시 09,시,110874,36.33312568430977,128.07845654028597
90010,가상도 중부,가상군 10,군,41514,35.763123199248724,127.23950643365212
90011,가상도 북부,가상시 11,시,128813,37.25929585410772,128.56907395760098
90012,가상도 중부,가상구 12,구,233423,35.56213719868044,128.37389568515476
90013,가상 광역시,가상군 13,군,19369,35.29880336266313,128.4257648086142
90014,가상도 중부,가상구 14,구,235181,36.157213532006686,127.08832705342608
90015,가상도 북부,가상군 15,군,31724,37.38322624092284,127.07225836803076
90016,가상도 남부,가상시 16,시,88491,37.16168998576081,128.84063761221432
90017,가상 광역시,가상군 17,군,34976,36.84693764280529,127.67467202641487
90018,가상 광역시,가상시 18,시,269110,37.15974347993276,127.46208712191806
90019,가상도 중부,가상구 19,구,284905,37.165582607335296,127.87488489977338
90020,가상도 중부,가상군 20,군,65130,36.34148839285019,128.2583012680799
90021,가상도 남부,가상구 21,구,208717,35.895043914027745,128.90237116550333
90022,가상도 북부,가상시 22,시,89884,36.89842735064417,127.43018169914052
90023,가상도 중부,가상구 23,구,210553,36.65565477896907,128.83457854448645
90024,가상도 북부,가상구 24,구,326115,36.02204700352216,126.85469088104976
90025,가상 광역시,가상구 25,구,167134,35.407826669735336,128.021435693119
90026,가상도 남부,가상시 26,시,126853,36.842937144967856,128.19474524569839
90027,가상 광역시,가상군 27,군,33713,35.7774131350303,127.03297428825165
90028,가상 광역시,가상시 28,시,149571,37.26098893117431,127.1087471135406
90029,가상 광역시,가상시 29,시,308534,35.73013526501251,127.72205150249587
90030,가상도 북부,가상군 30,군,36474,35.47006745130527,128.925710206715
90031,가상 광역시,가상군 31,군,21208,37.02844787867479,128.11129361711562
90032,가상도 북부,가상구 32,구,267024,35.53722549657389,128.85265108752046
90033,가상도 중부,가상시 33,시,59587,35.59439027794703,128.56959401434852
90034,가상도 남부,가상시 34,시,121566,36.51864214134586,127.82823952342164
90035,가상도 중부,가상군 35,군,43097,37.12403648984242,128.52647958835482
90036,가상도 북부,가상시 36,시,470127,35.63215626457206,126.83924092474938
90037,가상도 북부,가상시 37,시,175987,35.88271208038021,127.04011679288462
90038,가상 광역시,가상군 38,군,43446,36.91029064413059,128.62474295274203
90039,가상도 중부,가상시 39,시,120623,37.338018137334124,128.55299759431534
90040,가상도 중부,가상군 40,군,34383,36.30163060964515,127.31180963232615
