stn_id,name,lat,lon
ST00,가상관측소 00,35.27001421535595,126.75509034284315
ST01,가상관측소 01,35.62479360531882,127.65261738123091
ST02,가상관측소 02,35.19224641557466,128.73021813813025
ST03,가상관측소 03,36.218720700580306,128.20468080616092
ST04,가상관측소 04,35.65065317388102,127.9469708080392
ST05,가상관측소 05,37.30371971555668,127.5194481959093
ST06,가상관측소 06,36.34453441257238,126.79514515900884
ST07,가상관측소 07,35.606757966696144,129.17652716369332
ST08,가상관측소 08,36.17330285775285,127.05441168948512
ST09,가상관측소 09,35.5095851075651,127.26380203493771
ST10,가상관측소 10,35.464696377404785,127.213380982486
ST11,가상관측소 11,35.781706822346955,128.96064765738282
ST12,가상관측소 12,35.28158380839926,128.58558982108116
ST13,가상관측소 13,35.490483595968314,127.78905747854226
ST14,가상관측소 14,37.438921869788096,129.08409988827484
ST15,가상관측소 15,36.7336868502134,126.73723679004475
ST16,가상관측소 16,37.39486692498889,128.92354299117628
ST17,가상관측소 17,35.66780204781624,126.75711107278921
ST18,가상관측소 18,37.228234673082405,127.61693980942985
ST19,가상관측소 19,35.94190929782036,126.74041268377887
ST20,가상관측소 20,35.374906950918465,129.19731937856997
ST21,가상관측소 21,37.09223846001091,128.97741270650155
