sgg_code,ym,visitor_div,visitors
90001,2025-01,현지인,604850
90001,2025-01,외지인,490644
90001,2025-01,외국인,36512
90001,2025-02,현지인,600549
90001,2025-02,외지인,514727
90001,2025-02,외국인,25954
90001,2025-03,현지인,738572
90001,2025-03,외지인,654110
90001,2025-03,외국인,25919
90001,2025-04,현지인,950211
90001,2025-04,외지인,728184
90001,2025-04,외국인,67519
90001,2025-05,현지인,1065292
90001,2025-05,외지인,855216
90001,2025-05,외국인,53275
90001,2025-06,현지인,900488
90001,2025-06,외지인,700004
90001,2025-06,외국인,46134
90001,2025-07,현지인,1196837
90001,2025-07,외지인,1029219
90001,2025-07,외국인,28640
90001,2025-08,현지인,1129645
90001,2025-08,외지인,1070562
90001,2025-08,외국인,63135
90001,2025-09,현지인,813559
90001,2025-09,외지인,798061
90001,2025-09,외국인,73276
90001,2025-10,현지인,1093618
90001,2025-10,외지인,913503
90001,2025-10,외국인,61505
90001,2025-11,현지인,892972
90001,2025-11,외지인,671773
90001,2025-11,외국인,27328
90001,2025-12,현지인,684283
90001,2025-12,외지인,571078
90001,2025-12,외국인,16526
90002,2025-01,현지인,633287
90002,2025-01,외지인,497156
90002,2025-01,외국인,40594
90002,2025-02,현지인,552082
90002,2025-02,외지인,459806
90002,2025-02,외국인,43017
90002,2025-03,현지인,716269
90002,2025-03,외지인,640058
90002,2025-03,외국인,44504
90002,2025-04,현지인,927589
90002,2025-04,외지인,753540
90002,2025-04,외국인,29618
90002,2025-05,현지인,953752
90002,2025-05,외지인,768903
90002,2025-05,외국인,35261
90002,2025-06,현지인,848468
90002,2025-06,외지인,699241
90002,2025-06,외국인,70818
90002,2025-07,현지인,1267877
90002,2025-07,외지인,1026276
90002,2025-07,외국인,60007
90002,2025-08,현지인,1376222
90002,2025-08,외지인,1090650
90002,2025-08,외국인,53543
90002,2025-09,현지인,919370
90002,2025-09,외지인,735576
90002,2025-09,외국인,16592
90002,2025-10,현지인,1072873
90002,2025-10,외지인,777902
90002,2025-10,외국인,55518
90002,2025-11,현지인,823975
90002,2025-11,외지인,710013
90002,2025-11,외국인,60266
90002,2025-12,현지인,694651
90002,2025-12,외지인,564223
90002,2025-12,외국인,20029
90003,2025-01,현지인,785012
90003,2025-01,외지인,729795
90003,2025-01,외국인,56522
90003,2025-02,현지인,847659
90003,2025-02,외지인,704255
90003,2025-02,외국인,62724
90003,2025-03,현지인,974866
90003,2025-03,외지인,850385
90003,2025-03,외국인,75994
90003,2025-04,현지인,1269172
90003,2025-04,외지인,1218024
90003,2025-04,외국인,94051
90003,2025-05,현지인,1479646
90003,2025-05,외지인,1245690
90003,2025-05,외국인,25256
90003,2025-06,현지인,1280072
90003,2025-06,외지인,1204240
90003,2025-06,외국인,85279
90003,2025-07,현지인,2230336
90003,2025-07,외지인,1805302
90003,2025-07,외국인,147883
90003,2025-08,현지인,2061538
90003,2025-08,외지인,1779108
90003,2025-08,외국인,150901
90003,2025-09,현지인,1416934
90003,2025-09,외지인,1154850
90003,2025-09,외국인,69730
90003,2025-10,현지인,1824483
90003,2025-10,외지인,1363100
90003,2025-10,외국인,39066
90003,2025-11,현지인,1480422
90003,2025-11,외지인,1150693
90003,2025-11,외국인,77247
90003,2025-12,현지인,820826
90003,2025-12,외지인,810786
90003,2025-12,외국인,52864
90004,2025-01,현지인,201034
90004,2025-01,외지인,196018
90004,2025-01,외국인,4043
90004,2025-02,현지인,220473
90004,2025-02,외지인,181438
90004,2025-02,외국인,13566
90004,2025-03,현지인,237865
90004,2025-03,외지인,209643
90004,2025-03,외국인,20482
90004,2025-04,현지인,303905
90004,2025-04,외지인,216380
90004,2025-04,외국인,16362
90004,2025-05,현지인,308062
90004,2025-05,외지인,238399
90004,2025-05,외국인,11801
90004,2025-06,현지인,268385
90004,2025-06,외지인,229389
90004,2025-06,외국인,9192
90004,2025-07,현지인,342440
90004,2025-07,외지인,285191
90004,2025-07,외국인,18896
90004,2025-08,현지인,354032
90004,2025-08,외지인,277817
90004,2025-08,외국인,19582
90004,2025-09,현지인,263966
90004,2025-09,외지인,236118
90004,2025-09,외국인,13040
90004,2025-10,현지인,329004
90004,2025-10,외지인,274409
90004,2025-10,외국인,19153
90004,2025-11,현지인,282039
90004,2025-11,외지인,229552
90004,2025-11,외국인,19549
90004,2025-12,현지인,226412
90004,2025-12,외지인,197106
90004,2025-12,외국인,9256
90005,2025-01,현지인,577862
90005,2025-01,외지인,508370
90005,2025-01,외국인,26696
90005,2025-02,현지인,574853
90005,2025-02,외지인,442759
90005,2025-02,외국인,37793
90005,2025-03,현지인,679771
90005,2025-03,외지인,594460
90005,2025-03,외국인,52038
90005,2025-04,현지인,892633
90005,2025-04,외지인,810120
90005,2025-04,외국인,20722
90005,2025-05,현지인,1197306
90005,2025-05,외지인,907548
90005,2025-05,외국인,73948
90005,2025-06,현지인,856619
90005,2025-06,외지인,751745
90005,2025-06,외국인,55728
90005,2025-07,현지인,1460147
90005,2025-07,외지인,1110359
90005,2025-07,외국인,119268
90005,2025-08,현지인,1489422
90005,2025-08,외지인,1305442
90005,2025-08,외국인,85860
90005,2025-09,현지인,931795
90005,2025-09,외지인,720660
90005,2025-09,외국인,23626
90005,2025-10,현지인,1298773
90005,2025-10,외지인,996903
90005,2025-10,외국인,90624
90005,2025-11,현지인,860684
90005,2025-11,외지인,764621
90005,2025-11,외국인,74979
90005,2025-12,현지인,663365
90005,2025-12,외지인,518980
90005,2025-12,외국인,11397
90006,2025-01,현지인,267191
90006,2025-01,외지인,187144
90006,2025-01,외국인,5920
90006,2025-02,현지인,246590
90006,2025-02,외지인,209455
90006,2025-02,외국인,8188
90006,2025-03,현지인,269605
90006,2025-03,외지인,253084
90006,2025-03,외국인,5389
90006,2025-04,현지인,330353
90006,2025-04,외지인,280230
90006,2025-04,외국인,17032
90006,2025-05,현지인,356119
90006,2025-05,외지인,284925
90006,2025-05,외국인,14528
90006,2025-06,현지인,336642
90006,2025-06,외지인,284975
90006,2025-06,외국인,14928
90006,2025-07,현지인,403509
90006,2025-07,외지인,353652
90006,2025-07,외국인,29536
90006,2025-08,현지인,420177
90006,2025-08,외지인,320471
90006,2025-08,외국인,19567
90006,2025-09,현지인,327837
90006,2025-09,외지인,249060
90006,2025-09,외국인,23954
90006,2025-10,현지인,329705
90006,2025-10,외지인,329563
90006,2025-10,외국인,9400
90006,2025-11,현지인,325770
90006,2025-11,외지인,239997
90006,2025-11,외국인,10466
90006,2025-12,현지인,266614
90006,2025-12,외지인,237241
90006,2025-12,외국인,16566
90007,2025-01,현지인,548208
90007,2025-01,외지인,441399
90007,2025-01,외국인,36823
90007,2025-02,현지인,544503
90007,2025-02,외지인,390113
90007,2025-02,외국인,36041
90007,2025-03,현지인,620363
90007,2025-03,외지인,527302
90007,2025-03,외국인,29327
90007,2025-04,현지인,689563
90007,2025-04,외지인,628103
90007,2025-04,외국인,62179
90007,2025-05,현지인,763854
90007,2025-05,외지인,625129
90007,2025-05,외국인,32294
90007,2025-06,현지인,789984
90007,2025-06,외지인,595847
90007,2025-06,외국인,37225
90007,2025-07,현지인,1023635
90007,2025-07,외지인,738802
90007,2025-07,외국인,40719
90007,2025-08,현지인,1125224
90007,2025-08,외지인,920035
90007,2025-08,외국인,65229
90007,2025-09,현지인,655068
90007,2025-09,외지인,553160
90007,2025-09,외국인,28992
90007,2025-10,현지인,908390
90007,2025-10,외지인,770160
90007,2025-10,외국인,56876
90007,2025-11,현지인,655106
90007,2025-11,외지인,568192
90007,2025-11,외국인,51063
90007,2025-12,현지인,489052
90007,2025-12,외지인,453697
90007,2025-12,외국인,41192
90008,2025-01,현지인,674289
90008,2025-01,외지인,538578
90008,2025-01,외국인,24232
90008,2025-02,현지인,605856
90008,2025-02,외지인,557504
90008,2025-02,외국인,43722
90008,2025-03,현지인,690746
90008,2025-03,외지인,561267
90008,2025-03,외국인,41268
90008,2025-04,현지인,715707
90008,2025-04,외지인,629870
90008,2025-04,외국인,21004
90008,2025-05,현지인,936556
90008,2025-05,외지인,680771
90008,2025-05,외국인,58258
90008,2025-06,현지인,792208
90008,2025-06,외지인,715162
90008,2025-06,외국인,18016
90008,2025-07,현지인,920917
90008,2025-07,외지인,849459
90008,2025-07,외국인,51413
90008,2025-08,현지인,957577
90008,2025-08,외지인,749070
90008,2025-08,외국인,20375
90008,2025-09,현지인,773227
90008,2025-09,외지인,667935
90008,2025-09,외국인,10396
90008,2025-10,현지인,954834
90008,2025-10,외지인,765488
90008,2025-10,외국인,37274
90008,2025-11,현지인,842493
90008,2025-11,외지인,615973
90008,2025-11,외국인,24597
90008,2025-12,현지인,656175
90008,2025-12,외지인,569946
90008,2025-12,외국인,51068
90009,2025-01,현지인,503320
90009,2025-01,외지인,426610
90009,2025-01,외국인,16657
90009,2025-02,현지인,507765
90009,2025-02,외지인,447752
90009,2025-02,외국인,41812
90009,2025-03,현지인,651924
90009,2025-03,외지인,547436
90009,2025-03,외국인,49339
90009,2025-04,현지인,842036
90009,2025-04,외지인,713304
90009,2025-04,외국인,50502
90009,2025-05,현지인,938301
90009,2025-05,외지인,710822
90009,2025-05,외국인,24467
90009,2025-06,현지인,794203
90009,2025-06,외지인,651305
90009,2025-06,외국인,57614
90009,2025-07,현지인,1021482
90009,2025-07,외지인,839783
90009,2025-07,외국인,84768
90009,2025-08,현지인,1191481
90009,2025-08,외지인,1005118
90009,2025-08,외국인,19836
90009,2025-09,현지인,730649
90009,2025-09,외지인,644906
90009,2025-09,외국인,11640
90009,2025-10,현지인,915174
90009,2025-10,외지인,778046
90009,2025-10,외국인,58953
90009,2025-11,현지인,713230
90009,2025-11,외지인,608936
90009,2025-11,외국인,35694
90009,2025-12,현지인,574461
90009,2025-12,외지인,476933
90009,2025-12,외국인,6978
90010,2025-01,현지인,173240
90010,2025-01,외지인,128667
90010,2025-01,외국인,10603
90010,2025-02,현지인,161520
90010,2025-02,외지인,140098
90010,2025-02,외국인,4551
90010,2025-03,현지인,211606
90010,2025-03,외지인,147704
90010,2025-03,외국인,6944
90010,2025-04,현지인,211299
90010,2025-04,외지인,172179
90010,2025-04,외국인,13256
90010,2025-05,현지인,233814
90010,2025-05,외지인,202582
90010,2025-05,외국인,18228
90010,2025-06,현지인,232640
90010,2025-06,외지인,179535
90010,2025-06,외국인,4683
90010,2025-07,현지인,322763
90010,2025-07,외지인,226498
90010,2025-07,외국인,17540
90010,2025-08,현지인,300986
90010,2025-08,외지인,283646
90010,2025-08,외국인,19481
90010,2025-09,현지인,246209
90010,2025-09,외지인,187593
90010,2025-09,외국인,7074
90010,2025-10,현지인,262426
90010,2025-10,외지인,239004
90010,2025-10,외국인,21392
90010,2025-11,현지인,231758
90010,2025-11,외지인,178578
90010,2025-11,외국인,15430
90010,2025-12,현지인,158494
90010,2025-12,외지인,130686
90010,2025-12,외국인,5872
90011,2025-01,현지인,895449
90011,2025-01,외지인,743767
90011,2025-01,외국인,21745
90011,2025-02,현지인,923697
90011,2025-02,외지인,727449
90011,2025-02,외국인,27719
90011,2025-03,현지인,1002864
90011,2025-03,외지인,752013
90011,2025-03,외국인,21931
90011,2025-04,현지인,961255
90011,2025-04,외지인,803281
90011,2025-04,외국인,97012
90011,2025-05,현지인,1076151
90011,2025-05,외지인,1046111
90011,2025-05,외국인,67465
90011,2025-06,현지인,1093103
90011,2025-06,외지인,848919
90011,2025-06,외국인,49026
90011,2025-07,현지인,1230809
90011,2025-07,외지인,1104580
90011,2025-07,외국인,74812
90011,2025-08,현지인,1366855
90011,2025-08,외지인,1057584
90011,2025-08,외국인,19872
90011,2025-09,현지인,1090751
90011,2025-09,외지인,898781
90011,2025-09,외국인,31837
90011,2025-10,현지인,1247682
90011,2025-10,외지인,1008134
90011,2025-10,외국인,75954
90011,2025-11,현지인,1049881
90011,2025-11,외지인,891852
90011,2025-11,외국인,79123
90011,2025-12,현지인,897630
90011,2025-12,외지인,731296
90011,2025-12,외국인,56584
90012,2025-01,현지인,1563598
90012,2025-01,외지인,1168940
90012,2025-01,외국인,66700
90012,2025-02,현지인,1417864
90012,2025-02,외지인,1347349
90012,2025-02,외국인,41052
90012,2025-03,현지인,1934300
90012,2025-03,외지인,1697444
90012,2025-03,외국인,57623
90012,2025-04,현지인,2416649
90012,2025-04,외지인,2104070
90012,2025-04,외국인,99152
90012,2025-05,현지인,2933520
90012,2025-05,외지인,2220234
90012,2025-05,외국인,212496
90012,2025-06,현지인,2552042
90012,2025-06,외지인,1846424
90012,2025-06,외국인,167261
90012,2025-07,현지인,3229758
90012,2025-07,외지인,3260377
90012,2025-07,외국인,226962
90012,2025-08,현지인,4225045
90012,2025-08,외지인,3198725
90012,2025-08,외국인,239799
90012,2025-09,현지인,2447463
90012,2025-09,외지인,1970571
90012,2025-09,외국인,136682
90012,2025-10,현지인,3039359
90012,2025-10,외지인,2394679
90012,2025-10,외국인,235010
90012,2025-11,현지인,2230760
90012,2025-11,외지인,1871716
90012,2025-11,외국인,100932
90012,2025-12,현지인,1801645
90012,2025-12,외지인,1305597
90012,2025-12,외국인,55511
90013,2025-01,현지인,176219
90013,2025-01,외지인,144513
90013,2025-01,외국인,12944
90013,2025-02,현지인,183238
90013,2025-02,외지인,146275
90013,2025-02,외국인,8293
90013,2025-03,현지인,254307
90013,2025-03,외지인,200012
90013,2025-03,외국인,10845
90013,2025-04,현지인,269172
90013,2025-04,외지인,226308
90013,2025-04,외국인,6065
90013,2025-05,현지인,361949
90013,2025-05,외지인,306255
90013,2025-05,외국인,27405
90013,2025-06,현지인,258942
90013,2025-06,외지인,218899
90013,2025-06,외국인,21770
90013,2025-07,현지인,373553
90013,2025-07,외지인,362002
90013,2025-07,외국인,21481
90013,2025-08,현지인,413132
90013,2025-08,외지인,350766
90013,2025-08,외국인,21013
90013,2025-09,현지인,287964
90013,2025-09,외지인,247093
90013,2025-09,외국인,19787
90013,2025-10,현지인,345923
90013,2025-10,외지인,309143
90013,2025-10,외국인,14426
90013,2025-11,현지인,308202
90013,2025-11,외지인,218090
90013,2025-11,외국인,8297
90013,2025-12,현지인,190923
90013,2025-12,외지인,178535
90013,2025-12,외국인,3677
90014,2025-01,현지인,908412
90014,2025-01,외지인,831189
90014,2025-01,외국인,45449
90014,2025-02,현지인,926419
90014,2025-02,외지인,802570
90014,2025-02,외국인,67675
90014,2025-03,현지인,1069095
90014,2025-03,외지인,1039759
90014,2025-03,외국인,36875
90014,2025-04,현지인,1338799
90014,2025-04,외지인,1109651
90014,2025-04,외국인,90671
90014,2025-05,현지인,1499559
90014,2025-05,외지인,1172949
90014,2025-05,외국인,70996
90014,2025-06,현지인,1329292
90014,2025-06,외지인,1212508
90014,2025-06,외국인,99484
90014,2025-07,현지인,1660911
90014,2025-07,외지인,1397460
90014,2025-07,외국인,82742
90014,2025-08,현지인,2042542
90014,2025-08,외지인,1515054
90014,2025-08,외국인,40305
90014,2025-09,현지인,1307525
90014,2025-09,외지인,1118829
90014,2025-09,외국인,56827
90014,2025-10,현지인,1681488
90014,2025-10,외지인,1381033
90014,2025-10,외국인,129646
90014,2025-11,현지인,1446328
90014,2025-11,외지인,1076472
90014,2025-11,외국인,28322
90014,2025-12,현지인,1080776
90014,2025-12,외지인,871430
90014,2025-12,외국인,39395
90015,2025-01,현지인,236595
90015,2025-01,외지인,179503
90015,2025-01,외국인,6167
90015,2025-02,현지인,239630
90015,2025-02,외지인,173792
90015,2025-02,외국인,2520
90015,2025-03,현지인,256638
90015,2025-03,외지인,214942
90015,2025-03,외국인,12792
90015,2025-04,현지인,367401
90015,2025-04,외지인,272134
90015,2025-04,외국인,14283
90015,2025-05,현지인,415523
90015,2025-05,외지인,342225
90015,2025-05,외국인,18084
90015,2025-06,현지인,328157
90015,2025-06,외지인,264120
90015,2025-06,외국인,27999
90015,2025-07,현지인,445680
90015,2025-07,외지인,404888
90015,2025-07,외국인,38337
90015,2025-08,현지인,588821
90015,2025-08,외지인,449549
90015,2025-08,외국인,36291
90015,2025-09,현지인,369142
90015,2025-09,외지인,274798
90015,2025-09,외국인,12042
90015,2025-10,현지인,429617
90015,2025-10,외지인,369187
90015,2025-10,외국인,17453
90015,2025-11,현지인,333347
90015,2025-11,외지인,290651
90015,2025-11,외국인,25184
90015,2025-12,현지인,234658
90015,2025-12,외지인,183110
90015,2025-12,외국인,9032
90016,2025-01,현지인,391307
90016,2025-01,외지인,285468
90016,2025-01,외국인,21558
90016,2025-02,현지인,400041
90016,2025-02,외지인,338577
90016,2025-02,외국인,9537
90016,2025-03,현지인,437284
90016,2025-03,외지인,375879
90016,2025-03,외국인,26204
90016,2025-04,현지인,587718
90016,2025-04,외지인,512063
90016,2025-04,외국인,17402
90016,2025-05,현지인,692200
90016,2025-05,외지인,604728
90016,2025-05,외국인,34612
90016,2025-06,현지인,582124
90016,2025-06,외지인,456237
90016,2025-06,외국인,19013
90016,2025-07,현지인,827681
90016,2025-07,외지인,601652
90016,2025-07,외국인,31919
90016,2025-08,현지인,884527
90016,2025-08,외지인,713121
90016,2025-08,외국인,70084
90016,2025-09,현지인,547681
90016,2025-09,외지인,477443
90016,2025-09,외국인,41365
90016,2025-10,현지인,675132
90016,2025-10,외지인,552146
90016,2025-10,외국인,43300
90016,2025-11,현지인,606865
90016,2025-11,외지인,518487
90016,2025-11,외국인,46429
90016,2025-12,현지인,431321
90016,2025-12,외지인,340175
90016,2025-12,외국인,27080
90017,2025-01,현지인,128546
90017,2025-01,외지인,106416
90017,2025-01,외국인,7941
90017,2025-02,현지인,126654
90017,2025-02,외지인,118903
90017,2025-02,외국인,5976
90017,2025-03,현지인,141097
90017,2025-03,외지인,126153
90017,2025-03,외국인,4042
90017,2025-04,현지인,165141
90017,2025-04,외지인,156488
90017,2025-04,외국인,11822
90017,2025-05,현지인,218691
90017,2025-05,외지인,155528
90017,2025-05,외국인,7427
90017,2025-06,현지인,182279
90017,2025-06,외지인,161192
90017,2025-06,외국인,8283
90017,2025-07,현지인,209446
90017,2025-07,외지인,199103
90017,2025-07,외국인,3755
90017,2025-08,현지인,246756
90017,2025-08,외지인,183662
90017,2025-08,외국인,19157
90017,2025-09,현지인,175294
90017,2025-09,외지인,149897
90017,2025-09,외국인,4449
90017,2025-10,현지인,211960
90017,2025-10,외지인,188266
90017,2025-10,외국인,13823
90017,2025-11,현지인,163606
90017,2025-11,외지인,155108
90017,2025-11,외국인,9570
90017,2025-12,현지인,140640
90017,2025-12,외지인,116339
90017,2025-12,외국인,4522
90018,2025-01,현지인,980889
90018,2025-01,외지인,824311
90018,2025-01,외국인,37045
90018,2025-02,현지인,894455
90018,2025-02,외지인,811433
90018,2025-02,외국인,41319
90018,2025-03,현지인,1247804
90018,2025-03,외지인,895398
90018,2025-03,외국인,58865
90018,2025-04,현지인,1295399
90018,2025-04,외지인,1167723
90018,2025-04,외국인,24547
90018,2025-05,현지인,1468746
90018,2025-05,외지인,1342474
90018,2025-05,외국인,27956
90018,2025-06,현지인,1434231
90018,2025-06,외지인,1234830
90018,2025-06,외국인,19449
90018,2025-07,현지인,2099648
90018,2025-07,외지인,1737410
90018,2025-07,외국인,45200
90018,2025-08,현지인,1951198
90018,2025-08,외지인,1732820
90018,2025-08,외국인,156938
90018,2025-09,현지인,1462088
90018,2025-09,외지인,1160842
90018,2025-09,외국인,44921
90018,2025-10,현지인,1667466
90018,2025-10,외지인,1347104
90018,2025-10,외국인,73246
90018,2025-11,현지인,1285763
90018,2025-11,외지인,1063831
90018,2025-11,외국인,85563
90018,2025-12,현지인,1068144
90018,2025-12,외지인,819119
90018,2025-12,외국인,27455
90019,2025-01,현지인,760434
90019,2025-01,외지인,626548
90019,2025-01,외국인,48559
90019,2025-02,현지인,825607
90019,2025-02,외지인,600859
90019,2025-02,외국인,59196
90019,2025-03,현지인,844634
90019,2025-03,외지인,769359
90019,2025-03,외국인,52694
90019,2025-04,현지인,1054682
90019,2025-04,외지인,859436
90019,2025-04,외국인,46161
90019,2025-05,현지인,1115057
90019,2025-05,외지인,908201
90019,2025-05,외국인,16650
90019,2025-06,현지인,1040701
90019,2025-06,외지인,878582
90019,2025-06,외국인,42229
90019,2025-07,현지인,1168426
90019,2025-07,외지인,1024962
90019,2025-07,외국인,46929
90019,2025-08,현지인,1333815
90019,2025-08,외지인,980413
90019,2025-08,외국인,60836
90019,2025-09,현지인,1067738
90019,2025-09,외지인,848840
90019,2025-09,외국인,25463
90019,2025-10,현지인,1119607
90019,2025-10,외지인,934158
90019,2025-10,외국인,92523
90019,2025-11,현지인,933277
90019,2025-11,외지인,838857
90019,2025-11,외국인,15533
90019,2025-12,현지인,760734
90019,2025-12,외지인,618489
90019,2025-12,외국인,46056
90020,2025-01,현지인,2093502
90020,2025-01,외지인,2017711
90020,2025-01,외국인,54383
90020,2025-02,현지인,2057627
90020,2025-02,외지인,1828405
90020,2025-02,외국인,81902
90020,2025-03,현지인,2550098
90020,2025-03,외지인,2433532
90020,2025-03,외국인,164029
90020,2025-04,현지인,2908277
90020,2025-04,외지인,2427732
90020,2025-04,외국인,63246
90020,2025-05,현지인,3851879
90020,2025-05,외지인,3151061
90020,2025-05,외국인,80931
90020,2025-06,현지인,3469603
90020,2025-06,외지인,2390305
90020,2025-06,외국인,153954
90020,2025-07,현지인,4557699
90020,2025-07,외지인,3538923
90020,2025-07,외국인,157326
90020,2025-08,현지인,4900555
90020,2025-08,외지인,3726006
90020,2025-08,외국인,109729
90020,2025-09,현지인,3080808
90020,2025-09,외지인,2576173
90020,2025-09,외국인,260846
90020,2025-10,현지인,3610865
90020,2025-10,외지인,2929240
90020,2025-10,외국인,74369
90020,2025-11,현지인,3212479
90020,2025-11,외지인,2555736
90020,2025-11,외국인,228825
90020,2025-12,현지인,2473703
90020,2025-12,외지인,2179334
90020,2025-12,외국인,112750
90021,2025-01,현지인,2681769
90021,2025-01,외지인,2287569
90021,2025-01,외국인,96277
90021,2025-02,현지인,2737751
90021,2025-02,외지인,2175979
90021,2025-02,외국인,155283
90021,2025-03,현지인,2971510
90021,2025-03,외지인,2514751
90021,2025-03,외국인,132811
90021,2025-04,현지인,3536870
90021,2025-04,외지인,3165035
90021,2025-04,외국인,157949
90021,2025-05,현지인,4540194
90021,2025-05,외지인,3855030
90021,2025-05,외국인,133529
90021,2025-06,현지인,3415365
90021,2025-06,외지인,3404380
90021,2025-06,외국인,219795
90021,2025-07,현지인,5011597
90021,2025-07,외지인,3704049
90021,2025-07,외국인,349054
90021,2025-08,현지인,5332362
90021,2025-08,외지인,3973055
90021,2025-08,외국인,335212
90021,2025-09,현지인,3748337
90021,2025-09,외지인,3104446
90021,2025-09,외국인,246269
90021,2025-10,현지인,4280547
90021,2025-10,외지인,3971814
90021,2025-10,외국인,294583
90021,2025-11,현지인,3578734
90021,2025-11,외지인,2913663
90021,2025-11,외국인,207860
90021,2025-12,현지인,2905457
90021,2025-12,외지인,2627415
90021,2025-12,외국인,150264
90022,2025-01,현지인,522277
90022,2025-01,외지인,459484
90022,2025-01,외국인,12887
90022,2025-02,현지인,544493
90022,2025-02,외지인,425619
90022,2025-02,외국인,10208
90022,2025-03,현지인,671915
90022,2025-03,외지인,539950
90022,2025-03,외국인,52581
90022,2025-04,현지인,748659
90022,2025-04,외지인,715248
90022,2025-04,외국인,36411
90022,2025-05,현지인,931847
90022,2025-05,외지인,868767
90022,2025-05,외국인,28647
90022,2025-06,현지인,804630
90022,2025-06,외지인,701115
90022,2025-06,외국인,37318
90022,2025-07,현지인,1162351
90022,2025-07,외지인,1016689
90022,2025-07,외국인,64753
90022,2025-08,현지인,1312111
90022,2025-08,외지인,1026386
90022,2025-08,외국인,54795
90022,2025-09,현지인,785253
90022,2025-09,외지인,620966
90022,2025-09,외국인,22826
90022,2025-10,현지인,1087708
90022,2025-10,외지인,934671
90022,2025-10,외국인,38654
90022,2025-11,현지인,870725
90022,2025-11,외지인,693565
90022,2025-11,외국인,46870
90022,2025-12,현지인,508125
90022,2025-12,외지인,469992
90022,2025-12,외국인,26483
90023,2025-01,현지인,294300
90023,2025-01,외지인,226216
90023,2025-01,외국인,4692
90023,2025-02,현지인,307307
90023,2025-02,외지인,251454
90023,2025-02,외국인,4097
90023,2025-03,현지인,393259
90023,2025-03,외지인,286007
90023,2025-03,외국인,6212
90023,2025-04,현지인,466486
90023,2025-04,외지인,375681
90023,2025-04,외국인,35217
90023,2025-05,현지인,609411
90023,2025-05,외지인,446729
90023,2025-05,외국인,8868
90023,2025-06,현지인,503026
90023,2025-06,외지인,352441
90023,2025-06,외국인,16187
90023,2025-07,현지인,739504
90023,2025-07,외지인,633120
90023,2025-07,외국인,46427
90023,2025-08,현지인,707828
90023,2025-08,외지인,675124
90023,2025-08,외국인,61228
90023,2025-09,현지인,497000
90023,2025-09,외지인,419758
90023,2025-09,외국인,24434
90023,2025-10,현지인,585402
90023,2025-10,외지인,480939
90023,2025-10,외국인,26820
90023,2025-11,현지인,422512
90023,2025-11,외지인,351148
90023,2025-11,외국인,19554
90023,2025-12,현지인,337378
90023,2025-12,외지인,264661
90023,2025-12,외국인,12424
90024,2025-01,현지인,361397
90024,2025-01,외지인,259528
90024,2025-01,외국인,8964
90024,2025-02,현지인,361494
90024,2025-02,외지인,260499
90024,2025-02,외국인,23662
90024,2025-03,현지인,346771
90024,2025-03,외지인,297322
90024,2025-03,외국인,9005
90024,2025-04,현지인,430720
90024,2025-04,외지인,365259
90024,2025-04,외국인,31010
90024,2025-05,현지인,484345
90024,2025-05,외지인,423049
90024,2025-05,외국인,35688
90024,2025-06,현지인,392529
90024,2025-06,외지인,336752
90024,2025-06,외국인,15682
90024,2025-07,현지인,518679
90024,2025-07,외지인,467006
90024,2025-07,외국인,42598
90024,2025-08,현지인,539851
90024,2025-08,외지인,480901
90024,2025-08,외국인,14742
90024,2025-09,현지인,404335
90024,2025-09,외지인,372094
90024,2025-09,외국인,17284
90024,2025-10,현지인,457583
90024,2025-10,외지인,374764
90024,2025-10,외국인,38463
90024,2025-11,현지인,428238
90024,2025-11,외지인,351768
90024,2025-11,외국인,23164
90024,2025-12,현지인,345419
90024,2025-12,외지인,284601
90024,2025-12,외국인,14876
90025,2025-01,현지인,1648372
90025,2025-01,외지인,1216757
90025,2025-01,외국인,50381
90025,2025-02,현지인,1731517
90025,2025-02,외지인,1330316
90025,2025-02,외국인,66897
90025,2025-03,현지인,2034884
90025,2025-03,외지인,1739733
90025,2025-03,외국인,137796
90025,2025-04,현지인,2521010
90025,2025-04,외지인,2012527
90025,2025-04,외국인,131621
90025,2025-05,현지인,2828612
90025,2025-05,외지인,2488772
90025,2025-05,외국인,158320
90025,2025-06,현지인,2500251
90025,2025-06,외지인,1963380
90025,2025-06,외국인,105020
90025,2025-07,현지인,3063859
90025,2025-07,외지인,2840028
90025,2025-07,외국인,135596
90025,2025-08,현지인,3596931
90025,2025-08,외지인,3067862
90025,2025-08,외국인,100549
90025,2025-09,현지인,2170124
90025,2025-09,외지인,2139993
90025,2025-09,외국인,69682
90025,2025-10,현지인,2743096
90025,2025-10,외지인,2399491
90025,2025-10,외국인,81670
90025,2025-11,현지인,2451317
90025,2025-11,외지인,1833718
90025,2025-11,외국인,151750
90025,2025-12,현지인,1605824
90025,2025-12,외지인,1374469
90025,2025-12,외국인,77068
90026,2025-01,현지인,710686
90026,2025-01,외지인,519976
90026,2025-01,외국인,35009
90026,2025-02,현지인,716552
90026,2025-02,외지인,604760
90026,2025-02,외국인,45879
90026,2025-03,현지인,741789
90026,2025-03,외지인,633812
90026,2025-03,외국인,51675
90026,2025-04,현지인,857946
90026,2025-04,외지인,692868
90026,2025-04,외국인,42011
90026,2025-05,현지인,923296
90026,2025-05,외지인,746536
90026,2025-05,외국인,33182
90026,2025-06,현지인,853950
90026,2025-06,외지인,692147
90026,2025-06,외국인,31346
90026,2025-07,현지인,1082006
90026,2025-07,외지인,927843
90026,2025-07,외국인,91067
90026,2025-08,현지인,1163964
90026,2025-08,외지인,1022374
90026,2025-08,외국인,102492
90026,2025-09,현지인,870025
90026,2025-09,외지인,669518
90026,2025-09,외국인,54297
90026,2025-10,현지인,995441
90026,2025-10,외지인,815091
90026,2025-10,외국인,46772
90026,2025-11,현지인,935910
90026,2025-11,외지인,673537
90026,2025-11,외국인,42769
90026,2025-12,현지인,766411
90026,2025-12,외지인,656230
90026,2025-12,외국인,52877
90027,2025-01,현지인,315891
90027,2025-01,외지인,256069
90027,2025-01,외국인,11440
90027,2025-02,현지인,312216
90027,2025-02,외지인,271585
90027,2025-02,외국인,24418
90027,2025-03,현지인,390363
90027,2025-03,외지인,315794
90027,2025-03,외국인,11112
90027,2025-04,현지인,548878
90027,2025-04,외지인,444297
90027,2025-04,외국인,19812
90027,2025-05,현지인,656600
90027,2025-05,외지인,490794
90027,2025-05,외국인,16680
90027,2025-06,현지인,532784
90027,2025-06,외지인,455714
90027,2025-06,외국인,10924
90027,2025-07,현지인,833590
90027,2025-07,외지인,605683
90027,2025-07,외국인,24114
90027,2025-08,현지인,796317
90027,2025-08,외지인,736583
90027,2025-08,외국인,38099
90027,2025-09,현지인,548982
90027,2025-09,외지인,404144
90027,2025-09,외국인,18214
90027,2025-10,현지인,718104
90027,2025-10,외지인,494353
90027,2025-10,외국인,32588
90027,2025-11,현지인,546390
90027,2025-11,외지인,393508
90027,2025-11,외국인,24811
90027,2025-12,현지인,343692
90027,2025-12,외지인,275668
90027,2025-12,외국인,21671
90028,2025-01,현지인,121416
90028,2025-01,외지인,97037
90028,2025-01,외국인,5460
90028,2025-02,현지인,111227
90028,2025-02,외지인,92529
90028,2025-02,외국인,10086
90028,2025-03,현지인,141809
90028,2025-03,외지인,118734
90028,2025-03,외국인,3729
90028,2025-04,현지인,148208
90028,2025-04,외지인,123107
90028,2025-04,외국인,7147
90028,2025-05,현지인,190110
90028,2025-05,외지인,161761
90028,2025-05,외국인,6281
90028,2025-06,현지인,150527
90028,2025-06,외지인,124929
90028,2025-06,외국인,4580
90028,2025-07,현지인,204199
90028,2025-07,외지인,164009
90028,2025-07,외국인,17673
90028,2025-08,현지인,201867
90028,2025-08,외지인,172927
90028,2025-08,외국인,9327
90028,2025-09,현지인,148535
90028,2025-09,외지인,142341
90028,2025-09,외국인,11465
90028,2025-10,현지인,176543
90028,2025-10,외지인,141607
90028,2025-10,외국인,14550
90028,2025-11,현지인,161398
90028,2025-11,외지인,138205
90028,2025-11,외국인,4985
90028,2025-12,현지인,131296
90028,2025-12,외지인,105186
90028,2025-12,외국인,8089
90029,2025-01,현지인,1714824
90029,2025-01,외지인,1449655
90029,2025-01,외국인,85578
90029,2025-02,현지인,1509845
90029,2025-02,외지인,1291035
90029,2025-02,외국인,53798
90029,2025-03,현지인,2139504
90029,2025-03,외지인,1717133
90029,2025-03,외국인,107469
90029,2025-04,현지인,2468696
90029,2025-04,외지인,2269527
90029,2025-04,외국인,207848
90029,2025-05,현지인,2924819
90029,2025-05,외지인,2752745
90029,2025-05,외국인,168798
90029,2025-06,현지인,2817743
90029,2025-06,외지인,2376865
90029,2025-06,외국인,160568
90029,2025-07,현지인,3822807
90029,2025-07,외지인,3514041
90029,2025-07,외국인,203745
90029,2025-08,현지인,4534096
90029,2025-08,외지인,3362662
90029,2025-08,외국인,186029
90029,2025-09,현지인,2850050
90029,2025-09,외지인,2333240
90029,2025-09,외국인,98919
90029,2025-10,현지인,3189178
90029,2025-10,외지인,2805731
90029,2025-10,외국인,228071
90029,2025-11,현지인,2353095
90029,2025-11,외지인,2045733
90029,2025-11,외국인,193168
90029,2025-12,현지인,1786790
90029,2025-12,외지인,1357727
90029,2025-12,외국인,90894
90030,2025-01,현지인,324261
90030,2025-01,외지인,300499
90030,2025-01,외국인,4426
90030,2025-02,현지인,315068
90030,2025-02,외지인,296165
90030,2025-02,외국인,22791
90030,2025-03,현지인,401358
90030,2025-03,외지인,356831
90030,2025-03,외국인,33804
90030,2025-04,현지인,496696
90030,2025-04,외지인,396103
90030,2025-04,외국인,17138
90030,2025-05,현지인,645915
90030,2025-05,외지인,549628
90030,2025-05,외국인,39737
90030,2025-06,현지인,519667
90030,2025-06,외지인,449759
90030,2025-06,외국인,22818
90030,2025-07,현지인,821866
90030,2025-07,외지인,625294
90030,2025-07,외국인,59252
90030,2025-08,현지인,928614
90030,2025-08,외지인,764024
90030,2025-08,외국인,20691
90030,2025-09,현지인,490227
90030,2025-09,외지인,412253
90030,2025-09,외국인,17362
90030,2025-10,현지인,607449
90030,2025-10,외지인,607921
90030,2025-10,외국인,12768
90030,2025-11,현지인,559326
90030,2025-11,외지인,444492
90030,2025-11,외국인,12121
90030,2025-12,현지인,389662
90030,2025-12,외지인,310015
90030,2025-12,외국인,20793
90031,2025-01,현지인,60830
90031,2025-01,외지인,51964
90031,2025-01,외국인,2590
90031,2025-02,현지인,59759
90031,2025-02,외지인,48678
90031,2025-02,외국인,4106
90031,2025-03,현지인,76097
90031,2025-03,외지인,68086
90031,2025-03,외국인,6088
90031,2025-04,현지인,100322
90031,2025-04,외지인,76340
90031,2025-04,외국인,1618
90031,2025-05,현지인,121397
90031,2025-05,외지인,89668
90031,2025-05,외국인,6972
90031,2025-06,현지인,96307
90031,2025-06,외지인,81329
90031,2025-06,외국인,3216
90031,2025-07,현지인,125479
90031,2025-07,외지인,117165
90031,2025-07,외국인,7938
90031,2025-08,현지인,134628
90031,2025-08,외지인,121333
90031,2025-08,외국인,8792
90031,2025-09,현지인,89982
90031,2025-09,외지인,78456
90031,2025-09,외국인,1862
90031,2025-10,현지인,125708
90031,2025-10,외지인,99175
90031,2025-10,외국인,3634
90031,2025-11,현지인,95257
90031,2025-11,외지인,81295
90031,2025-11,외국인,4754
90031,2025-12,현지인,68430
90031,2025-12,외지인,57856
90031,2025-12,외국인,3373
90032,2025-01,현지인,537374
90032,2025-01,외지인,487373
90032,2025-01,외국인,26409
90032,2025-02,현지인,589218
90032,2025-02,외지인,445023
90032,2025-02,외국인,23061
90032,2025-03,현지인,563185
90032,2025-03,외지인,459657
90032,2025-03,외국인,16843
90032,2025-04,현지인,713745
90032,2025-04,외지인,515082
90032,2025-04,외국인,46318
90032,2025-05,현지인,813478
90032,2025-05,외지인,581503
90032,2025-05,외국인,17957
90032,2025-06,현지인,701211
90032,2025-06,외지인,558282
90032,2025-06,외국인,25542
90032,2025-07,현지인,898059
90032,2025-07,외지인,692233
90032,2025-07,외국인,25182
90032,2025-08,현지인,957459
90032,2025-08,외지인,685446
90032,2025-08,외국인,60586
90032,2025-09,현지인,649565
90032,2025-09,외지인,577624
90032,2025-09,외국인,22655
90032,2025-10,현지인,772864
90032,2025-10,외지인,658436
90032,2025-10,외국인,68106
90032,2025-11,현지인,641517
90032,2025-11,외지인,571497
90032,2025-11,외국인,57153
90032,2025-12,현지인,557595
90032,2025-12,외지인,516004
90032,2025-12,외국인,21036
90033,2025-01,현지인,344410
90033,2025-01,외지인,290121
90033,2025-01,외국인,25171
90033,2025-02,현지인,361480
90033,2025-02,외지인,309127
90033,2025-02,외국인,18510
90033,2025-03,현지인,451460
90033,2025-03,외지인,375993
90033,2025-03,외국인,28337
90033,2025-04,현지인,619813
90033,2025-04,외지인,477488
90033,2025-04,외국인,14167
90033,2025-05,현지인,704557
90033,2025-05,외지인,525231
90033,2025-05,외국인,44506
90033,2025-06,현지인,597265
90033,2025-06,외지인,460956
90033,2025-06,외국인,13240
90033,2025-07,현지인,876099
90033,2025-07,외지인,649628
90033,2025-07,외국인,15115
90033,2025-08,현지인,967805
90033,2025-08,외지인,780938
90033,2025-08,외국인,22021
90033,2025-09,현지인,614279
90033,2025-09,외지인,520616
90033,2025-09,외국인,9189
90033,2025-10,현지인,797037
90033,2025-10,외지인,620636
90033,2025-10,외국인,17249
90033,2025-11,현지인,597741
90033,2025-11,외지인,504376
90033,2025-11,외국인,15869
90033,2025-12,현지인,395175
90033,2025-12,외지인,316533
90033,2025-12,외국인,31513
90034,2025-01,현지인,469593
90034,2025-01,외지인,417690
90034,2025-01,외국인,15286
90034,2025-02,현지인,510212
90034,2025-02,외지인,442809
90034,2025-02,외국인,7288
90034,2025-03,현지인,651760
90034,2025-03,외지인,533027
90034,2025-03,외국인,38137
90034,2025-04,현지인,723549
90034,2025-04,외지인,560679
90034,2025-04,외국인,29720
90034,2025-05,현지인,795290
90034,2025-05,외지인,657262
90034,2025-05,외국인,21271
90034,2025-06,현지인,769241
90034,2025-06,외지인,555455
90034,2025-06,외국인,54575
90034,2025-07,현지인,1003936
90034,2025-07,외지인,840772
90034,2025-07,외국인,11493
90034,2025-08,현지인,1078606
90034,2025-08,외지인,888273
90034,2025-08,외국인,71784
90034,2025-09,현지인,649080
90034,2025-09,외지인,632067
90034,2025-09,외국인,37325
90034,2025-10,현지인,819638
90034,2025-10,외지인,704505
90034,2025-10,외국인,43472
90034,2025-11,현지인,648635
90034,2025-11,외지인,617888
90034,2025-11,외국인,49218
90034,2025-12,현지인,550197
90034,2025-12,외지인,440412
90034,2025-12,외국인,27610
90035,2025-01,현지인,179958
90035,2025-01,외지인,151401
90035,2025-01,외국인,7383
90035,2025-02,현지인,201490
90035,2025-02,외지인,151262
90035,2025-02,외국인,16353
90035,2025-03,현지인,259387
90035,2025-03,외지인,191517
90035,2025-03,외국인,9747
90035,2025-04,현지인,279650
90035,2025-04,외지인,254349
90035,2025-04,외국인,25201
90035,2025-05,현지인,318331
90035,2025-05,외지인,299143
90035,2025-05,외국인,7778
90035,2025-06,현지인,292428
90035,2025-06,외지인,257329
90035,2025-06,외국인,4934
90035,2025-07,현지인,448585
90035,2025-07,외지인,351050
90035,2025-07,외국인,16244
90035,2025-08,현지인,498077
90035,2025-08,외지인,392063
90035,2025-08,외국인,18601
90035,2025-09,현지인,293249
90035,2025-09,외지인,227347
90035,2025-09,외국인,20563
90035,2025-10,현지인,331825
90035,2025-10,외지인,291067
90035,2025-10,외국인,20720
90035,2025-11,현지인,288846
90035,2025-11,외지인,245971
90035,2025-11,외국인,12288
90035,2025-12,현지인,213675
90035,2025-12,외지인,169683
90035,2025-12,외국인,3178
90036,2025-01,현지인,963501
90036,2025-01,외지인,838132
90036,2025-01,외국인,13382
90036,2025-02,현지인,989787
90036,2025-02,외지인,850627
90036,2025-02,외국인,72241
90036,2025-03,현지인,1162840
90036,2025-03,외지인,936127
90036,2025-03,외국인,16028
90036,2025-04,현지인,1369581
90036,2025-04,외지인,1175795
90036,2025-04,외국인,22983
90036,2025-05,현지인,1502175
90036,2025-05,외지인,1137891
90036,2025-05,외국인,83138
90036,2025-06,현지인,1407521
90036,2025-06,외지인,1184134
90036,2025-06,외국인,67467
90036,2025-07,현지인,1607996
90036,2025-07,외지인,1233730
90036,2025-07,외국인,67823
90036,2025-08,현지인,1511288
90036,2025-08,외지인,1381068
90036,2025-08,외국인,147422
90036,2025-09,현지인,1291022
90036,2025-09,외지인,1183495
90036,2025-09,외국인,45712
90036,2025-10,현지인,1337488
90036,2025-10,외지인,1333411
90036,2025-10,외국인,30491
90036,2025-11,현지인,1190148
90036,2025-11,외지인,1063722
90036,2025-11,외국인,67860
90036,2025-12,현지인,1164058
90036,2025-12,외지인,843756
90036,2025-12,외국인,51202
90037,2025-01,현지인,398937
90037,2025-01,외지인,372511
90037,2025-01,외국인,18061
90037,2025-02,현지인,457118
90037,2025-02,외지인,325978
90037,2025-02,외국인,20075
90037,2025-03,현지인,524286
90037,2025-03,외지인,419788
90037,2025-03,외국인,8161
90037,2025-04,현지인,683712
90037,2025-04,외지인,524471
90037,2025-04,외국인,16257
90037,2025-05,현지인,825154
90037,2025-05,외지인,654643
90037,2025-05,외국인,28612
90037,2025-06,현지인,670122
90037,2025-06,외지인,519005
90037,2025-06,외국인,52008
90037,2025-07,현지인,882588
90037,2025-07,외지인,809318
90037,2025-07,외국인,33061
90037,2025-08,현지인,1118614
90037,2025-08,외지인,822679
90037,2025-08,외국인,33252
90037,2025-09,현지인,674691
90037,2025-09,외지인,573674
90037,2025-09,외국인,54324
90037,2025-10,현지인,808943
90037,2025-10,외지인,649240
90037,2025-10,외국인,69457
90037,2025-11,현지인,618060
90037,2025-11,외지인,562966
90037,2025-11,외국인,29983
90037,2025-12,현지인,434639
90037,2025-12,외지인,345093
90037,2025-12,외국인,32877
90038,2025-01,현지인,301031
90038,2025-01,외지인,264504
90038,2025-01,외국인,9942
90038,2025-02,현지인,324432
90038,2025-02,외지인,267805
90038,2025-02,외국인,12606
90038,2025-03,현지인,350494
90038,2025-03,외지인,303497
90038,2025-03,외국인,7677
90038,2025-04,현지인,478232
90038,2025-04,외지인,367377
90038,2025-04,외국인,36651
90038,2025-05,현지인,519012
90038,2025-05,외지인,431756
90038,2025-05,외국인,18293
90038,2025-06,현지인,434697
90038,2025-06,외지인,386660
90038,2025-06,외국인,35496
90038,2025-07,현지인,606662
90038,2025-07,외지인,427808
90038,2025-07,외국인,21087
90038,2025-08,현지인,543144
90038,2025-08,외지인,508094
90038,2025-08,외국인,35948
90038,2025-09,현지인,466841
90038,2025-09,외지인,374586
90038,2025-09,외국인,31644
90038,2025-10,현지인,486118
90038,2025-10,외지인,416825
90038,2025-10,외국인,8985
90038,2025-11,현지인,419797
90038,2025-11,외지인,359193
90038,2025-11,외국인,19198
90038,2025-12,현지인,334603
90038,2025-12,외지인,315275
90038,2025-12,외국인,25842
90039,2025-01,현지인,1830616
90039,2025-01,외지인,1475765
90039,2025-01,외국인,89563
90039,2025-02,현지인,1806117
90039,2025-02,외지인,1571438
90039,2025-02,외국인,42529
90039,2025-03,현지인,2093363
90039,2025-03,외지인,2005971
90039,2025-03,외국인,164802
90039,2025-04,현지인,2702618
90039,2025-04,외지인,1958523
90039,2025-04,외국인,206226
90039,2025-05,현지인,3037375
90039,2025-05,외지인,2419745
90039,2025-05,외국인,66762
90039,2025-06,현지인,2336599
90039,2025-06,외지인,2136464
90039,2025-06,외국인,207096
90039,2025-07,현지인,3343200
90039,2025-07,외지인,2905163
90039,2025-07,외국인,49928
90039,2025-08,현지인,3319015
90039,2025-08,외지인,3000879
90039,2025-08,외국인,157154
90039,2025-09,현지인,2731270
90039,2025-09,외지인,1977032
90039,2025-09,외국인,192607
90039,2025-10,현지인,3091562
90039,2025-10,외지인,2440326
90039,2025-10,외국인,149313
90039,2025-11,현지인,2784448
90039,2025-11,외지인,2090683
90039,2025-11,외국인,54067
90039,2025-12,현지인,2142176
90039,2025-12,외지인,1510381
90039,2025-12,외국인,85068
90040,2025-01,현지인,19982
90040,2025-01,외지인,16792
90040,2025-01,외국인,1636
90040,2025-02,현지인,19465
90040,2025-02,외지인,18670
90040,2025-02,외국인,828
90040,2025-03,현지인,24605
90040,2025-03,외지인,20377
90040,2025-03,외국인,1734
90040,2025-04,현지인,34553
90040,2025-04,외지인,25658
90040,2025-04,외국인,1333
90040,2025-05,현지인,43477
90040,2025-05,외지인,31245
90040,2025-05,외국인,2553
90040,2025-06,현지인,33760
90040,2025-06,외지인,26791
90040,2025-06,외국인,1179
90040,2025-07,현지인,47694
90040,2025-07,외지인,40843
90040,2025-07,외국인,1820
90040,2025-08,현지인,56613
90040,2025-08,외지인,44980
90040,2025-08,외국인,1661
90040,2025-09,현지인,35333
90040,2025-09,외지인,27249
90040,2025-09,외국인,1715
90040,2025-10,현지인,43002
90040,2025-10,외지인,38603
90040,2025-10,외국인,3668
90040,2025-11,현지인,33036
90040,2025-11,외지인,29034
90040,2025-11,외국인,612
90040,2025-12,현지인,20913
90040,2025-12,외지인,19208
90040,2025-12,외국인,947
