stn_id,month,heat,rain,cold,snow
ST00,1,0.0,0.0,0.08124040054398492,0.03496713187238767
ST00,2,0.0,0.0,0.04874424032639095,0.02622534890429075
ST00,3,0.0,0.004245499763388612,0.008124040054398492,0.008741782968096917
ST00,4,0.0,0.008490999526777223,0.0,0.0
ST00,5,0.013327424992162724,0.016981999053554447,0.0,0.0
ST00,6,0.1066193999373018,0.04245499763388612,0.0,0.0
ST00,7,0.3998227497648817,0.08490999526777224,0.0,0.0
ST00,8,0.5064421497021835,0.06792799621421779,0.0,0.0
ST00,9,0.09329197494513908,0.03396399810710889,0.0,0.0
ST00,10,0.0,0.008490999526777223,0.0,0.0
ST00,11,0.0,0.004245499763388612,0.008124040054398492,0.0043708914840484584
ST00,12,0.0,0.0,0.04062020027199246,0.021854457420242293
ST01,1,0.0,0.0,0.08495143733067213,0.05925079382306594
ST01,2,0.0,0.0,0.050970862398403274,0.04443809536729945
ST01,3,0.0,0.005953152036527105,0.008495143733067213,0.014812698455766484
ST01,4,0.0,0.01190630407305421,0.0,0.0
ST01,5,0.010125735131868126,0.02381260814610842,0.0,0.0
ST01,6,0.08100588105494501,0.059531520365271054,0.0,0.0
ST01,7,0.30377205395604373,0.11906304073054211,0.0,0.0
ST01,8,0.3847779350109888,0.09525043258443368,0.0,0.0
ST01,9,0.07088014592307688,0.04762521629221684,0.0,0.0
ST01,10,0.0,0.01190630407305421,0.0,0.0
ST01,11,0.0,0.005953152036527105,0.008495143733067213,0.007406349227883242
ST01,12,0.0,0.0,0.04247571866533607,0.03703174613941621
ST02,1,0.0,0.0,0.09593588625735022,0.034709593313506475
ST02,2,0.0,0.0,0.05756153175441013,0.02603219498512985
ST02,3,0.0,0.004551190328092745,0.009593588625735023,0.008677398328376619
ST02,4,0.0,0.00910238065618549,0.0,0.0
ST02,5,0.016715546232028845,0.01820476131237098,0.0,0.0
ST02,6,0.13372436985623076,0.045511903280927454,0.0,0.0
ST02,7,0.5014663869608653,0.09102380656185491,0.0,0.0
ST02,8,0.6351907568170961,0.07281904524948392,0.0,0.0
ST02,9,0.11700882362420194,0.03640952262474196,0.0,0.0
ST02,10,0.0,0.00910238065618549,0.0,0.0
ST02,11,0.0,0.004551190328092745,0.009593588625735023,0.004338699164188309
ST02,12,0.0,0.0,0.04796794312867511,0.021693495820941544
ST03,1,0.0,0.0,0.21183023799388542,0.0424237363560543
ST03,2,0.0,0.0,0.12709814279633125,0.03181780226704073
ST03,3,0.0,0.006465147972555727,0.02118302379938854,0.010605934089013575
ST03,4,0.0,0.012930295945111454,0.0,0.0
ST03,5,0.008053567380487067,0.025860591890222908,0.0,0.0
ST03,6,0.06442853904389653,0.06465147972555728,0.0,0.0
ST03,7,0.24160702141461196,0.12930295945111456,0.0,0.0
ST03,8,0.3060355604585085,0.10344236756089163,0.0,0.0
ST03,9,0.05637497166340946,0.051721183780445816,0.0,0.0
ST03,10,0.0,0.012930295945111454,0.0,0.0
ST03,11,0.0,0.006465147972555727,0.02118302379938854,0.005302967044506788
ST03,12,0.0,0.0,0.10591511899694271,0.02651483522253394
ST04,1,0.0,0.0,0.1812717433144698,0.05496702649974466
ST04,2,0.0,0.0,0.10876304598868186,0.04122526987480849
ST04,3,0.0,0.005274892868852199,0.018127174331446977,0.013741756624936164
ST04,4,0.0,0.010549785737704398,0.0,0.0
ST04,5,0.010041728645752592,0.021099571475408797,0.0,0.0
ST04,6,0.08033382916602073,0.05274892868852199,0.0,0.0
ST04,7,0.30125185937257776,0.10549785737704398,0.0,0.0
ST04,8,0.38158568853859853,0.08439828590163519,0.0,0.0
ST04,9,0.07029210052026816,0.04219914295081759,0.0,0.0
ST04,10,0.0,0.010549785737704398,0.0,0.0
ST04,11,0.0,0.005274892868852199,0.018127174331446977,0.006870878312468082
ST04,12,0.0,0.0,0.0906358716572349,0.03435439156234041
ST05,1,0.0,0.0,0.3108873820379015,0.16637673115045806
ST05,2,0.0,0.0,0.18653242922274088,0.12478254836284355
ST05,3,0.0,0.0033131089563321857,0.03108873820379015,0.041594182787614516
ST05,4,0.0,0.006626217912664371,0.0,0.0
ST05,5,0.010094559414125515,0.013252435825328743,0.0,0.0
ST05,6,0.08075647531300412,0.03313108956332186,0.0,0.0
ST05,7,0.30283678242376544,0.06626217912664371,0.0,0.0
ST05,8,0.38359325773676956,0.05300974330131497,0.0,0.0
ST05,9,0.0706619158988786,0.026504871650657486,0.0,0.0
ST05,10,0.0,0.006626217912664371,0.0,0.0
ST05,11,0.0,0.0033131089563321857,0.03108873820379015,0.020797091393807258
ST05,12,0.0,0.0,0.15544369101895075,0.1039854569690363
ST06,1,0.0,0.0,0.13116609116436465,0.10183284707572926
ST06,2,0.0,0.0,0.07869965469861878,0.07637463530679693
ST06,3,0.0,0.0035456239040589795,0.013116609116436464,0.025458211768932315
ST06,4,0.0,0.007091247808117959,0.0,0.0
ST06,5,0.013937209220196721,0.014182495616235918,0.0,0.0
ST06,6,0.11149767376157377,0.035456239040589796,0.0,0.0
ST06,7,0.4181162766059016,0.07091247808117959,0.0,0.0
ST06,8,0.5296139503674754,0.05672998246494367,0.0,0.0
ST06,9,0.09756046454137705,0.028364991232471836,0.0,0.0
ST06,10,0.0,0.007091247808117959,0.0,0.0
ST06,11,0.0,0.0035456239040589795,0.013116609116436464,0.012729105884466158
ST06,12,0.0,0.0,0.06558304558218232,0.06364552942233079
ST07,1,0.0,0.0,0.1232254850944316,0.06425354122140703
ST07,2,0.0,0.0,0.07393529105665896,0.048190155916055265
ST07,3,0.0,0.0054266189202316715,0.012322548509443159,0.016063385305351757
ST07,4,0.0,0.010853237840463343,0.0,0.0
ST07,5,0.012822162976250386,0.021706475680926686,0.0,0.0
ST07,6,0.10257730381000309,0.05426618920231672,0.0,0.0
ST07,7,0.3846648892875116,0.10853237840463344,0.0,0.0
ST07,8,0.4872421930975147,0.08682590272370674,0.0,0.0
ST07,9,0.08975514083375272,0.04341295136185337,0.0,0.0
ST07,10,0.0,0.010853237840463343,0.0,0.0
ST07,11,0.0,0.0054266189202316715,0.012322548509443159,0.008031692652675879
ST07,12,0.0,0.0,0.0616127425472158,0.04015846326337939
ST08,1,0.0,0.0,0.1341014439323662,0.06829153785332046
ST08,2,0.0,0.0,0.08046086635941972,0.05121865338999034
ST08,3,0.0,0.003402462131099806,0.013410144393236621,0.017072884463330114
ST08,4,0.0,0.006804924262199612,0.0,0.0
ST08,5,0.010782123176317698,0.013609848524399224,0.0,0.0
ST08,6,0.08625698541054158,0.03402462131099806,0.0,0.0
ST08,7,0.3234636952895309,0.06804924262199612,0.0,0.0
ST08,8,0.4097206807000725,0.0544393940975969,0.0,0.0
ST08,9,0.0754748622342239,0.02721969704879845,0.0,0.0
ST08,10,0.0,0.006804924262199612,0.0,0.0
ST08,11,0.0,0.003402462131099806,0.013410144393236621,0.008536442231665057
ST08,12,0.0,0.0,0.0670507219661831,0.04268221115832529
ST09,1,0.0,0.0,0.13291077485508343,0.07159550920197451
ST09,2,0.0,0.0,0.07974646491305006,0.05369663190148087
ST09,3,0.0,0.004611990310580321,0.013291077485508342,0.017898877300493627
ST09,4,0.0,0.009223980621160642,0.0,0.0
ST09,5,0.01608649815967031,0.018447961242321283,0.0,0.0
ST09,6,0.12869198527736248,0.04611990310580321,0.0,0.0
ST09,7,0.4825949447901093,0.09223980621160642,0.0,0.0
ST09,8,0.6112869300674718,0.07379184496928513,0.0,0.0
ST09,9,0.11260548711769218,0.03689592248464257,0.0,0.0
ST09,10,0.0,0.009223980621160642,0.0,0.0
ST09,11,0.0,0.004611990310580321,0.013291077485508342,0.008949438650246814
ST09,12,0.0,0.0,0.06645538742754172,0.044747193251234066
ST10,1,0.0,0.0,0.12379429600900763,0.05895315613637014
ST10,2,0.0,0.0,0.07427657760540457,0.0442148671022776
ST10,3,0.0,0.0035242469878292455,0.012379429600900762,0.014738289034092534
ST10,4,0.0,0.007048493975658491,0.0,0.0
ST10,5,0.01102774636553334,0.014096987951316982,0.0,0.0
ST10,6,0.08822197092426672,0.03524246987829246,0.0,0.0
ST10,7,0.3308323909660002,0.07048493975658492,0.0,0.0
ST10,8,0.4190543618902669,0.05638795180526793,0.0,0.0
ST10,9,0.07719422455873338,0.028193975902633964,0.0,0.0
ST10,10,0.0,0.007048493975658491,0.0,0.0
ST10,11,0.0,0.0035242469878292455,0.012379429600900762,0.007369144517046267
ST10,12,0.0,0.0,0.06189714800450381,0.03684572258523133
ST11,1,0.0,0.0,0.18797470954322637,0.053416735201460924
ST11,2,0.0,0.0,0.11278482572593582,0.04006255140109569
ST11,3,0.0,0.0044633609104249355,0.01879747095432264,0.013354183800365231
ST11,4,0.0,0.008926721820849871,0.0,0.0
ST11,5,0.013338978883418942,0.017853443641699742,0.0,0.0
ST11,6,0.10671183106735153,0.04463360910424935,0.0,0.0
ST11,7,0.40016936650256824,0.0892672182084987,0.0,0.0
ST11,8,0.5068811975699198,0.07141377456679897,0.0,0.0
ST11,9,0.0933728521839326,0.035706887283399484,0.0,0.0
ST11,10,0.0,0.008926721820849871,0.0,0.0
ST11,11,0.0,0.0044633609104249355,0.01879747095432264,0.0066770919001826155
ST11,12,0.0,0.0,0.09398735477161319,0.03338545950091308
ST12,1,0.0,0.0,0.14537952284164843,0.04501247714047508
ST12,2,0.0,0.0,0.08722771370498905,0.0337593578553563
ST12,3,0.0,0.003387348063335472,0.014537952284164844,0.01125311928511877
ST12,4,0.0,0.006774696126670944,0.0,0.0
ST12,5,0.009152922789815594,0.013549392253341888,0.0,0.0
ST12,6,0.07322338231852475,0.03387348063335472,0.0,0.0
ST12,7,0.2745876836944678,0.06774696126670944,0.0,0.0
ST12,8,0.34781106601299255,0.05419756901336755,0.0,0.0
ST12,9,0.06407045952870917,0.027098784506683776,0.0,0.0
ST12,10,0.0,0.006774696126670944,0.0,0.0
ST12,11,0.0,0.003387348063335472,0.014537952284164844,0.005626559642559385
ST12,12,0.0,0.0,0.07268976142082421,0.028132798212796923
ST13,1,0.0,0.0,0.09097364629800209,0.01938655890858786
ST13,2,0.0,0.0,0.054584187778801245,0.014539919181440894
ST13,3,0.0,0.004643954426237205,0.009097364629800207,0.004846639727146965
ST13,4,0.0,0.00928790885247441,0.0,0.0
ST13,5,0.01403655401125361,0.01857581770494882,0.0,0.0
ST13,6,0.11229243209002888,0.04643954426237205,0.0,0.0
ST13,7,0.4210966203376083,0.0928790885247441,0.0,0.0
ST13,8,0.5333890524276372,0.07430327081979528,0.0,0.0
ST13,9,0.09825587807877528,0.03715163540989764,0.0,0.0
ST13,10,0.0,0.00928790885247441,0.0,0.0
ST13,11,0.0,0.004643954426237205,0.009097364629800207,0.0024233198635734824
ST13,12,0.0,0.0,0.04548682314900104,0.012116599317867412
ST14,1,0.0,0.0,0.4259481246823705,0.20369907723201877
ST14,2,0.0,0.0,0.25556887480942225,0.15277430792401406
ST14,3,0.0,0.004934482305699715,0.04259481246823705,0.05092476930800469
ST14,4,0.0,0.00986896461139943,0.0,0.0
ST14,5,0.00868608671786449,0.01973792922279886,0.0,0.0
ST14,6,0.06948869374291591,0.04934482305699715,0.0,0.0
ST14,7,0.26058260153593465,0.0986896461139943,0.0,0.0
ST14,8,0.33007129527885054,0.07895171689119544,0.0,0.0
ST14,9,0.06080260702505143,0.03947585844559772,0.0,0.0
ST14,10,0.0,0.00986896461139943,0.0,0.0
ST14,11,0.0,0.004934482305699715,0.04259481246823705,0.025462384654002346
ST14,12,0.0,0.0,0.21297406234118524,0.12731192327001173
ST15,1,0.0,0.0,0.21938105866274374,0.14323012533641166
ST15,2,0.0,0.0,0.13162863519764623,0.10742259400230873
ST15,3,0.0,0.007058842365218123,0.021938105866274375,0.035807531334102916
ST15,4,0.0,0.014117684730436246,0.0,0.0
ST15,5,0.006775666722874343,0.028235369460872493,0.0,0.0
ST15,6,0.05420533378299475,0.07058842365218124,0.0,0.0
ST15,7,0.20327000168623027,0.14117684730436247,0.0,0.0
ST15,8,0.257475335469225,0.11294147784348997,0.0,0.0
ST15,9,0.0474296670601204,0.056470738921744985,0.0,0.0
ST15,10,0.0,0.014117684730436246,0.0,0.0
ST15,11,0.0,0.007058842365218123,0.021938105866274375,0.017903765667051458
ST15,12,0.0,0.0,0.10969052933137187,0.08951882833525729
ST16,1,0.0,0.0,0.3440833040016048,0.16567393975711397
ST16,2,0.0,0.0,0.20644998240096285,0.12425545481783547
ST16,3,0.0,0.006987720772010058,0.03440833040016048,0.041418484939278494
ST16,4,0.0,0.013975441544020115,0.0,0.0
ST16,5,0.007209800162481174,0.02795088308804023,0.0,0.0
ST16,6,0.05767840129984939,0.06987720772010057,0.0,0.0
ST16,7,0.2162940048744352,0.13975441544020115,0.0,0.0
ST16,8,0.2739724061742846,0.11180353235216092,0.0,0.0
ST16,9,0.05046860113736822,0.05590176617608046,0.0,0.0
ST16,10,0.0,0.013975441544020115,0.0,0.0
ST16,11,0.0,0.006987720772010058,0.03440833040016048,0.020709242469639247
ST16,12,0.0,0.0,0.1720416520008024,0.10354621234819623
ST17,1,0.0,0.0,0.10227500625212567,0.061331126148932553
ST17,2,0.0,0.0,0.0613650037512754,0.04599834461169941
ST17,3,0.0,0.0033285121165675356,0.010227500625212566,0.015332781537233138
ST17,4,0.0,0.006657024233135071,0.0,0.0
ST17,5,0.012919922867828892,0.013314048466270142,0.0,0.0
ST17,6,0.10335938294263114,0.033285121165675356,0.0,0.0
ST17,7,0.3875976860348668,0.06657024233135071,0.0,0.0
ST17,8,0.4909570689774979,0.05325619386508057,0.0,0.0
ST17,9,0.09043946007480226,0.026628096932540285,0.0,0.0
ST17,10,0.0,0.006657024233135071,0.0,0.0
ST17,11,0.0,0.0033285121165675356,0.010227500625212566,0.007666390768616569
ST17,12,0.0,0.0,0.051137503126062835,0.03833195384308285
ST18,1,0.0,0.0,0.22581238020363076,0.10084505873877804
ST18,2,0.0,0.0,0.13548742812217845,0.07563379405408353
ST18,3,0.0,0.004317464077315611,0.022581238020363076,0.02521126468469451
ST18,4,0.0,0.008634928154631223,0.0,0.0
ST18,5,0.00871685524747495,0.017269856309262446,0.0,0.0
ST18,6,0.0697348419797996,0.04317464077315611,0.0,0.0
ST18,7,0.2615056574242484,0.08634928154631222,0.0,0.0
ST18,8,0.33124049940404804,0.06907942523704978,0.0,0.0
ST18,9,0.06101798673232464,0.03453971261852489,0.0,0.0
ST18,10,0.0,0.008634928154631223,0.0,0.0
ST18,11,0.0,0.004317464077315611,0.022581238020363076,0.012605632342347255
ST18,12,0.0,0.0,0.11290619010181538,0.06302816171173628
ST19,1,0.0,0.0,0.1522888589378996,0.03303486693686209
ST19,2,0.0,0.0,0.09137331536273975,0.024776150202646566
ST19,3,0.0,0.00474281252438685,0.015228885893789958,0.008258716734215523
ST19,4,0.0,0.0094856250487737,0.0,0.0
ST19,5,0.011148543521699715,0.0189712500975474,0.0,0.0
ST19,6,0.08918834817359772,0.047428125243868496,0.0,0.0
ST19,7,0.33445630565099144,0.09485625048773699,0.0,0.0
ST19,8,0.42364465382458916,0.0758850003901896,0.0,0.0
ST19,9,0.07803980465189801,0.0379425001950948,0.0,0.0
ST19,10,0.0,0.0094856250487737,0.0,0.0
ST19,11,0.0,0.00474281252438685,0.015228885893789958,0.004129358367107761
ST19,12,0.0,0.0,0.0761444294689498,0.020646791835538806
ST20,1,0.0,0.0,0.12461463508939025,0.03759387068026338
ST20,2,0.0,0.0,0.07476878105363415,0.028195403010197535
ST20,3,0.0,0.0036574598307090533,0.012461463508939024,0.009398467670065845
ST20,4,0.0,0.0073149196614181065,0.0,0.0
ST20,5,0.015870300230407572,0.014629839322836213,0.0,0.0
ST20,6,0.12696240184326057,0.03657459830709053,0.0,0.0
ST20,7,0.47610900691222713,0.07314919661418107,0.0,0.0
ST20,8,0.6030714087554878,0.05851935729134485,0.0,0.0
ST20,9,0.11109210161285302,0.029259678645672426,0.0,0.0
ST20,10,0.0,0.0073149196614181065,0.0,0.0
ST20,11,0.0,0.0036574598307090533,0.012461463508939024,0.004699233835032923
ST20,12,0.0,0.0,0.06230731754469512,0.023496169175164616
ST21,1,0.0,0.0,0.29511574460745144,0.13196269022736842
ST21,2,0.0,0.0,0.17706944676447084,0.09897201767052631
ST21,3,0.0,0.005739913280321992,0.029511574460745142,0.032990672556842106
ST21,4,0.0,0.011479826560643985,0.0,0.0
ST21,5,0.008378387172715088,0.02295965312128797,0.0,0.0
ST21,6,0.0670270973817207,0.05739913280321993,0.0,0.0
ST21,7,0.2513516151814526,0.11479826560643985,0.0,0.0
ST21,8,0.3183787125631733,0.09183861248515188,0.0,0.0
ST21,9,0.05864871020900562,0.04591930624257594,0.0,0.0
ST21,10,0.0,0.011479826560643985,0.0,0.0
ST21,11,0.0,0.005739913280321992,0.029511574460745142,0.016495336278421053
ST21,12,0.0,0.0,0.14755787230372572,0.08247668139210527
